[
  {
    "model": "contenttypes.contenttype",
    "pk": 1,
    "fields": {
      "app_label": "admin",
      "model": "logentry"
    }
  },
  {
    "model": "contenttypes.contenttype",
    "pk": 2,
    "fields": {
      "app_label": "auth",
      "model": "permission"
    }
  },
  {
    "model": "contenttypes.contenttype",
    "pk": 3,
    "fields": {
      "app_label": "auth",
      "model": "group"
    }
  },
  {
    "model": "contenttypes.contenttype",
    "pk": 4,
    "fields": {
      "app_label": "contenttypes",
      "model": "contenttype"
    }
  },
  {
    "model": "contenttypes.contenttype",
    "pk": 5,
    "fields": {
      "app_label": "sessions",
      "model": "session"
    }
  },
  {
    "model": "contenttypes.contenttype",
    "pk": 6,
    "fields": {
      "app_label": "core",
      "model": "user"
    }
  },
  {
    "model": "contenttypes.contenttype",
    "pk": 7,
    "fields": {
      "app_label": "core",
      "model": "answer"
    }
  },
  {
    "model": "contenttypes.contenttype",
    "pk": 8,
    "fields": {
      "app_label": "core",
      "model": "answercomment"
    }
  },
  {
    "model": "contenttypes.contenttype",
    "pk": 9,
    "fields": {
      "app_label": "core",
      "model": "answercommentreport"
    }
  },
  {
    "model": "contenttypes.contenttype",
    "pk": 10,
    "fields": {
      "app_label": "core",
      "model": "answercommentvote"
    }
  },
  {
    "model": "contenttypes.contenttype",
    "pk": 11,
    "fields": {
      "app_label": "core",
      "model": "answerreport"
    }
  },
  {
    "model": "contenttypes.contenttype",
    "pk": 12,
    "fields": {
      "app_label": "core",
      "model": "answervote"
    }
  },
  {
    "model": "contenttypes.contenttype",
    "pk": 13,
    "fields": {
      "app_label": "core",
      "model": "editor"
    }
  },
  {
    "model": "contenttypes.contenttype",
    "pk": 14,
    "fields": {
      "app_label": "core",
      "model": "privateupload"
    }
  },
  {
    "model": "contenttypes.contenttype",
    "pk": 15,
    "fields": {
      "app_label": "core",
      "model": "question"
    }
  },
  {
    "model": "contenttypes.contenttype",
    "pk": 16,
    "fields": {
      "app_label": "core",
      "model": "questioncomment"
    }
  },
  {
    "model": "contenttypes.contenttype",
    "pk": 17,
    "fields": {
      "app_label": "core",
      "model": "questioncommentreport"
    }
  },
  {
    "model": "contenttypes.contenttype",
    "pk": 18,
    "fields": {
      "app_label": "core",
      "model": "questioncommentvote"
    }
  },
  {
    "model": "contenttypes.contenttype",
    "pk": 19,
    "fields": {
      "app_label": "core",
      "model": "questionreport"
    }
  },
  {
    "model": "contenttypes.contenttype",
    "pk": 20,
    "fields": {
      "app_label": "core",
      "model": "questionvote"
    }
  },
  {
    "model": "contenttypes.contenttype",
    "pk": 21,
    "fields": {
      "app_label": "core",
      "model": "subscriber"
    }
  },
  {
    "model": "contenttypes.contenttype",
    "pk": 22,
    "fields": {
      "app_label": "core",
      "model": "tag"
    }
  },
  {
    "model": "contenttypes.contenttype",
    "pk": 23,
    "fields": {
      "app_label": "core",
      "model": "upload"
    }
  },
  {
    "model": "contenttypes.contenttype",
    "pk": 24,
    "fields": {
      "app_label": "authtoken",
      "model": "token"
    }
  },
  {
    "model": "contenttypes.contenttype",
    "pk": 25,
    "fields": {
      "app_label": "sites",
      "model": "site"
    }
  },
  {
    "model": "contenttypes.contenttype",
    "pk": 26,
    "fields": {
      "app_label": "account",
      "model": "emailaddress"
    }
  },
  {
    "model": "contenttypes.contenttype",
    "pk": 27,
    "fields": {
      "app_label": "account",
      "model": "emailconfirmation"
    }
  },
  {
    "model": "contenttypes.contenttype",
    "pk": 28,
    "fields": {
      "app_label": "socialaccount",
      "model": "socialaccount"
    }
  },
  {
    "model": "contenttypes.contenttype",
    "pk": 29,
    "fields": {
      "app_label": "socialaccount",
      "model": "socialapp"
    }
  },
  {
    "model": "contenttypes.contenttype",
    "pk": 30,
    "fields": {
      "app_label": "socialaccount",
      "model": "socialtoken"
    }
  },
  {
    "model": "contenttypes.contenttype",
    "pk": 31,
    "fields": {
      "app_label": "notifications",
      "model": "notification"
    }
  },
  {
    "model": "sessions.session",
    "pk": "0544vbsy7913suioarvxoewt8wcppmzs",
    "fields": {
      "session_data": "OGYxMDNlMzE2Nzg3ZTdlOTZlM2QzMmM4MzczY2QwNTFmM2MwYzZiMDp7Il9hdXRoX3VzZXJfaWQiOiIxIiwiX2F1dGhfdXNlcl9iYWNrZW5kIjoiYWxsYXV0aC5hY2NvdW50LmF1dGhfYmFja2VuZHMuQXV0aGVudGljYXRpb25CYWNrZW5kIiwiX2F1dGhfdXNlcl9oYXNoIjoiMjcwYTE3NGIwZTkzMzUwNjIwMDU2MjE5ZWMxYzgwNzg0MGJmNmQ1MSJ9",
      "expire_date": "2019-09-18T22:45:55.603Z"
    }
  },
  {
    "model": "sessions.session",
    "pk": "0xob7qdc6x2bespbsocfl1yo0zhg8h80",
    "fields": {
      "session_data": "MWFlMDgzM2MxMmI2MzhmYzUzMWZkMGU2YzA3YmJmNGQ0MTk3MWI5ZTp7Il9hdXRoX3VzZXJfaWQiOiIyIiwiX2F1dGhfdXNlcl9iYWNrZW5kIjoiYWxsYXV0aC5hY2NvdW50LmF1dGhfYmFja2VuZHMuQXV0aGVudGljYXRpb25CYWNrZW5kIiwiX2F1dGhfdXNlcl9oYXNoIjoiMWE2YjAwZDIxNGM5Y2VjNGRhZGRiNmVjN2YxNDdmMzMzNjA2OGU1ZCJ9",
      "expire_date": "2019-09-20T21:32:24.358Z"
    }
  },
  {
    "model": "sessions.session",
    "pk": "2mdh9tji55rwp3jj0r40dueqx837y2an",
    "fields": {
      "session_data": "YTA0NjA5ZmMzODFkZDI5MzFjM2U2YjMyYzI2YzZiZGI1ZjZiMmU3ODp7ImFjY291bnRfdmVyaWZpZWRfZW1haWwiOm51bGwsIl9hdXRoX3VzZXJfaWQiOiI3IiwiX2F1dGhfdXNlcl9iYWNrZW5kIjoiYWxsYXV0aC5hY2NvdW50LmF1dGhfYmFja2VuZHMuQXV0aGVudGljYXRpb25CYWNrZW5kIiwiX2F1dGhfdXNlcl9oYXNoIjoiZmVjNTBlMzMyM2Q4MzA2MmIxNWVlZTYxMTA4N2Y1M2MzZGU0MDJhZiJ9",
      "expire_date": "2019-09-19T22:47:07.959Z"
    }
  },
  {
    "model": "sessions.session",
    "pk": "2nhfzznf2f4hfsljvexvm5ovydlkji1n",
    "fields": {
      "session_data": "OGYxMDNlMzE2Nzg3ZTdlOTZlM2QzMmM4MzczY2QwNTFmM2MwYzZiMDp7Il9hdXRoX3VzZXJfaWQiOiIxIiwiX2F1dGhfdXNlcl9iYWNrZW5kIjoiYWxsYXV0aC5hY2NvdW50LmF1dGhfYmFja2VuZHMuQXV0aGVudGljYXRpb25CYWNrZW5kIiwiX2F1dGhfdXNlcl9oYXNoIjoiMjcwYTE3NGIwZTkzMzUwNjIwMDU2MjE5ZWMxYzgwNzg0MGJmNmQ1MSJ9",
      "expire_date": "2019-09-09T01:12:28.395Z"
    }
  },
  {
    "model": "sessions.session",
    "pk": "3gzblmksnp42t2hbv77jthrfiuyoj9kw",
    "fields": {
      "session_data": "M2UxNGFiOWI2ODlkZmI1NTBiMzBiOWY4ODYyYTJkZGJmNDM1ZTFjMzp7Il9hdXRoX3VzZXJfaWQiOiIzIiwiX2F1dGhfdXNlcl9iYWNrZW5kIjoiYWxsYXV0aC5hY2NvdW50LmF1dGhfYmFja2VuZHMuQXV0aGVudGljYXRpb25CYWNrZW5kIiwiX2F1dGhfdXNlcl9oYXNoIjoiNWNjNWUyYWRlNTJjMzVjYjJjYjgzMmQ5YzYwZDE0NWJkYmFkZTg3YSJ9",
      "expire_date": "2019-09-19T08:18:46.376Z"
    }
  },
  {
    "model": "sessions.session",
    "pk": "3tnh4xkueemzfwvr9kqnqv3g5t6f297n",
    "fields": {
      "session_data": "OGYxMDNlMzE2Nzg3ZTdlOTZlM2QzMmM4MzczY2QwNTFmM2MwYzZiMDp7Il9hdXRoX3VzZXJfaWQiOiIxIiwiX2F1dGhfdXNlcl9iYWNrZW5kIjoiYWxsYXV0aC5hY2NvdW50LmF1dGhfYmFja2VuZHMuQXV0aGVudGljYXRpb25CYWNrZW5kIiwiX2F1dGhfdXNlcl9oYXNoIjoiMjcwYTE3NGIwZTkzMzUwNjIwMDU2MjE5ZWMxYzgwNzg0MGJmNmQ1MSJ9",
      "expire_date": "2019-09-09T11:31:07.380Z"
    }
  },
  {
    "model": "sessions.session",
    "pk": "4rwr7f1q6u4yfh3uzy0dho0qyekfqj6v",
    "fields": {
      "session_data": "MThkODFmZjcxMjdiMDRhMmM4ZmRkZjdjYTQxZTJiYThlNzEyNTdlMzp7ImFjY291bnRfdmVyaWZpZWRfZW1haWwiOm51bGwsIl9hdXRoX3VzZXJfaWQiOiI0IiwiX2F1dGhfdXNlcl9iYWNrZW5kIjoiYWxsYXV0aC5hY2NvdW50LmF1dGhfYmFja2VuZHMuQXV0aGVudGljYXRpb25CYWNrZW5kIiwiX2F1dGhfdXNlcl9oYXNoIjoiOTkyNjBjMzA5NGIyMTcyZWE3NDc1NmY5MjVmMzJmZWY2NjkzYTg3ZiJ9",
      "expire_date": "2019-09-19T20:31:51.286Z"
    }
  },
  {
    "model": "sessions.session",
    "pk": "5dxl2yga77odxacxp9zl336x3d8wwzh4",
    "fields": {
      "session_data": "ZWM3NzYyOTMzNmU1NjljM2Q1ZTgxNjI4YzM3OGE3NmIyMjUxYjJlZTp7ImFjY291bnRfdmVyaWZpZWRfZW1haWwiOm51bGwsIl9hdXRoX3VzZXJfaWQiOiI2IiwiX2F1dGhfdXNlcl9iYWNrZW5kIjoiYWxsYXV0aC5hY2NvdW50LmF1dGhfYmFja2VuZHMuQXV0aGVudGljYXRpb25CYWNrZW5kIiwiX2F1dGhfdXNlcl9oYXNoIjoiZjIzZjRiMWYyMmQyZDVjNzk0MzE1ODc5ZTkyNmU3YzU1NTNlMTkyZSJ9",
      "expire_date": "2019-09-19T22:25:17.486Z"
    }
  },
  {
    "model": "sessions.session",
    "pk": "6b9bem3dk442991tn1l3h0ag4s73wumu",
    "fields": {
      "session_data": "OGYxMDNlMzE2Nzg3ZTdlOTZlM2QzMmM4MzczY2QwNTFmM2MwYzZiMDp7Il9hdXRoX3VzZXJfaWQiOiIxIiwiX2F1dGhfdXNlcl9iYWNrZW5kIjoiYWxsYXV0aC5hY2NvdW50LmF1dGhfYmFja2VuZHMuQXV0aGVudGljYXRpb25CYWNrZW5kIiwiX2F1dGhfdXNlcl9oYXNoIjoiMjcwYTE3NGIwZTkzMzUwNjIwMDU2MjE5ZWMxYzgwNzg0MGJmNmQ1MSJ9",
      "expire_date": "2019-09-09T01:12:18.215Z"
    }
  },
  {
    "model": "sessions.session",
    "pk": "75u52m7gtp05sykdgkg8rqeekovlyi08",
    "fields": {
      "session_data": "MWFlMDgzM2MxMmI2MzhmYzUzMWZkMGU2YzA3YmJmNGQ0MTk3MWI5ZTp7Il9hdXRoX3VzZXJfaWQiOiIyIiwiX2F1dGhfdXNlcl9iYWNrZW5kIjoiYWxsYXV0aC5hY2NvdW50LmF1dGhfYmFja2VuZHMuQXV0aGVudGljYXRpb25CYWNrZW5kIiwiX2F1dGhfdXNlcl9oYXNoIjoiMWE2YjAwZDIxNGM5Y2VjNGRhZGRiNmVjN2YxNDdmMzMzNjA2OGU1ZCJ9",
      "expire_date": "2019-09-19T00:20:35.225Z"
    }
  },
  {
    "model": "sessions.session",
    "pk": "774ci6yptuf1wnffodghkz3x88rlrh87",
    "fields": {
      "session_data": "OGYxMDNlMzE2Nzg3ZTdlOTZlM2QzMmM4MzczY2QwNTFmM2MwYzZiMDp7Il9hdXRoX3VzZXJfaWQiOiIxIiwiX2F1dGhfdXNlcl9iYWNrZW5kIjoiYWxsYXV0aC5hY2NvdW50LmF1dGhfYmFja2VuZHMuQXV0aGVudGljYXRpb25CYWNrZW5kIiwiX2F1dGhfdXNlcl9oYXNoIjoiMjcwYTE3NGIwZTkzMzUwNjIwMDU2MjE5ZWMxYzgwNzg0MGJmNmQ1MSJ9",
      "expire_date": "2019-09-22T00:28:03.270Z"
    }
  },
  {
    "model": "sessions.session",
    "pk": "7kkgr8ldc7iafrzl016pafpn6sl726f6",
    "fields": {
      "session_data": "ZDMwZDM3NzgxNDc5OTM1MTA2ZmI2MDA3MWZlMmZjZDYzNjFjZTQ3ZDp7Il9hdXRoX3VzZXJfaWQiOiIxIiwiX2F1dGhfdXNlcl9iYWNrZW5kIjoiZGphbmdvLmNvbnRyaWIuYXV0aC5iYWNrZW5kcy5Nb2RlbEJhY2tlbmQiLCJfYXV0aF91c2VyX2hhc2giOiIyNzBhMTc0YjBlOTMzNTA2MjAwNTYyMTllYzFjODA3ODQwYmY2ZDUxIn0=",
      "expire_date": "2019-09-20T13:12:07.006Z"
    }
  },
  {
    "model": "sessions.session",
    "pk": "7pbnjvwredv18bkpr4aojlttzhrfl4z0",
    "fields": {
      "session_data": "MWFlMDgzM2MxMmI2MzhmYzUzMWZkMGU2YzA3YmJmNGQ0MTk3MWI5ZTp7Il9hdXRoX3VzZXJfaWQiOiIyIiwiX2F1dGhfdXNlcl9iYWNrZW5kIjoiYWxsYXV0aC5hY2NvdW50LmF1dGhfYmFja2VuZHMuQXV0aGVudGljYXRpb25CYWNrZW5kIiwiX2F1dGhfdXNlcl9oYXNoIjoiMWE2YjAwZDIxNGM5Y2VjNGRhZGRiNmVjN2YxNDdmMzMzNjA2OGU1ZCJ9",
      "expire_date": "2019-09-23T03:51:56.491Z"
    }
  },
  {
    "model": "sessions.session",
    "pk": "7t3rd6vp4m2k48fygvq1k5afdxa2ct9g",
    "fields": {
      "session_data": "OGYxMDNlMzE2Nzg3ZTdlOTZlM2QzMmM4MzczY2QwNTFmM2MwYzZiMDp7Il9hdXRoX3VzZXJfaWQiOiIxIiwiX2F1dGhfdXNlcl9iYWNrZW5kIjoiYWxsYXV0aC5hY2NvdW50LmF1dGhfYmFja2VuZHMuQXV0aGVudGljYXRpb25CYWNrZW5kIiwiX2F1dGhfdXNlcl9oYXNoIjoiMjcwYTE3NGIwZTkzMzUwNjIwMDU2MjE5ZWMxYzgwNzg0MGJmNmQ1MSJ9",
      "expire_date": "2019-09-14T10:15:57.317Z"
    }
  },
  {
    "model": "sessions.session",
    "pk": "84gmzrqq6f7j2hb5xkkpfdgebdovhvwo",
    "fields": {
      "session_data": "OGYxMDNlMzE2Nzg3ZTdlOTZlM2QzMmM4MzczY2QwNTFmM2MwYzZiMDp7Il9hdXRoX3VzZXJfaWQiOiIxIiwiX2F1dGhfdXNlcl9iYWNrZW5kIjoiYWxsYXV0aC5hY2NvdW50LmF1dGhfYmFja2VuZHMuQXV0aGVudGljYXRpb25CYWNrZW5kIiwiX2F1dGhfdXNlcl9oYXNoIjoiMjcwYTE3NGIwZTkzMzUwNjIwMDU2MjE5ZWMxYzgwNzg0MGJmNmQ1MSJ9",
      "expire_date": "2019-09-18T21:36:43.519Z"
    }
  },
  {
    "model": "sessions.session",
    "pk": "8kk7r0fx60fm2a96l2s7sjt8kl55f4ce",
    "fields": {
      "session_data": "MWFlMDgzM2MxMmI2MzhmYzUzMWZkMGU2YzA3YmJmNGQ0MTk3MWI5ZTp7Il9hdXRoX3VzZXJfaWQiOiIyIiwiX2F1dGhfdXNlcl9iYWNrZW5kIjoiYWxsYXV0aC5hY2NvdW50LmF1dGhfYmFja2VuZHMuQXV0aGVudGljYXRpb25CYWNrZW5kIiwiX2F1dGhfdXNlcl9oYXNoIjoiMWE2YjAwZDIxNGM5Y2VjNGRhZGRiNmVjN2YxNDdmMzMzNjA2OGU1ZCJ9",
      "expire_date": "2019-09-22T16:20:45.965Z"
    }
  },
  {
    "model": "sessions.session",
    "pk": "97m2pqjamy235ol89e4bc6731l7etbz1",
    "fields": {
      "session_data": "OGYxMDNlMzE2Nzg3ZTdlOTZlM2QzMmM4MzczY2QwNTFmM2MwYzZiMDp7Il9hdXRoX3VzZXJfaWQiOiIxIiwiX2F1dGhfdXNlcl9iYWNrZW5kIjoiYWxsYXV0aC5hY2NvdW50LmF1dGhfYmFja2VuZHMuQXV0aGVudGljYXRpb25CYWNrZW5kIiwiX2F1dGhfdXNlcl9oYXNoIjoiMjcwYTE3NGIwZTkzMzUwNjIwMDU2MjE5ZWMxYzgwNzg0MGJmNmQ1MSJ9",
      "expire_date": "2019-09-22T20:32:08.903Z"
    }
  },
  {
    "model": "sessions.session",
    "pk": "9jk6s8vgjyzzcwpjcm831tgd8hhem6px",
    "fields": {
      "session_data": "M2UxNGFiOWI2ODlkZmI1NTBiMzBiOWY4ODYyYTJkZGJmNDM1ZTFjMzp7Il9hdXRoX3VzZXJfaWQiOiIzIiwiX2F1dGhfdXNlcl9iYWNrZW5kIjoiYWxsYXV0aC5hY2NvdW50LmF1dGhfYmFja2VuZHMuQXV0aGVudGljYXRpb25CYWNrZW5kIiwiX2F1dGhfdXNlcl9oYXNoIjoiNWNjNWUyYWRlNTJjMzVjYjJjYjgzMmQ5YzYwZDE0NWJkYmFkZTg3YSJ9",
      "expire_date": "2019-09-23T04:01:10.073Z"
    }
  },
  {
    "model": "sessions.session",
    "pk": "a8llkpo0dwygv9smqvcw2901xopbjdmh",
    "fields": {
      "session_data": "ZDMwZDM3NzgxNDc5OTM1MTA2ZmI2MDA3MWZlMmZjZDYzNjFjZTQ3ZDp7Il9hdXRoX3VzZXJfaWQiOiIxIiwiX2F1dGhfdXNlcl9iYWNrZW5kIjoiZGphbmdvLmNvbnRyaWIuYXV0aC5iYWNrZW5kcy5Nb2RlbEJhY2tlbmQiLCJfYXV0aF91c2VyX2hhc2giOiIyNzBhMTc0YjBlOTMzNTA2MjAwNTYyMTllYzFjODA3ODQwYmY2ZDUxIn0=",
      "expire_date": "2019-09-23T02:28:52.017Z"
    }
  },
  {
    "model": "sessions.session",
    "pk": "aieid14b7om2oa6yjepha8zcm886ms3h",
    "fields": {
      "session_data": "OGYxMDNlMzE2Nzg3ZTdlOTZlM2QzMmM4MzczY2QwNTFmM2MwYzZiMDp7Il9hdXRoX3VzZXJfaWQiOiIxIiwiX2F1dGhfdXNlcl9iYWNrZW5kIjoiYWxsYXV0aC5hY2NvdW50LmF1dGhfYmFja2VuZHMuQXV0aGVudGljYXRpb25CYWNrZW5kIiwiX2F1dGhfdXNlcl9oYXNoIjoiMjcwYTE3NGIwZTkzMzUwNjIwMDU2MjE5ZWMxYzgwNzg0MGJmNmQ1MSJ9",
      "expire_date": "2019-09-19T21:01:01.425Z"
    }
  },
  {
    "model": "sessions.session",
    "pk": "bkagfdfk5w2blnhibkwf04sp5ejp3i6y",
    "fields": {
      "session_data": "OGYxMDNlMzE2Nzg3ZTdlOTZlM2QzMmM4MzczY2QwNTFmM2MwYzZiMDp7Il9hdXRoX3VzZXJfaWQiOiIxIiwiX2F1dGhfdXNlcl9iYWNrZW5kIjoiYWxsYXV0aC5hY2NvdW50LmF1dGhfYmFja2VuZHMuQXV0aGVudGljYXRpb25CYWNrZW5kIiwiX2F1dGhfdXNlcl9oYXNoIjoiMjcwYTE3NGIwZTkzMzUwNjIwMDU2MjE5ZWMxYzgwNzg0MGJmNmQ1MSJ9",
      "expire_date": "2019-09-22T15:56:44.542Z"
    }
  },
  {
    "model": "sessions.session",
    "pk": "bnyk6jg2rwkxknoz8l9816zi7chcxbc3",
    "fields": {
      "session_data": "M2UxNGFiOWI2ODlkZmI1NTBiMzBiOWY4ODYyYTJkZGJmNDM1ZTFjMzp7Il9hdXRoX3VzZXJfaWQiOiIzIiwiX2F1dGhfdXNlcl9iYWNrZW5kIjoiYWxsYXV0aC5hY2NvdW50LmF1dGhfYmFja2VuZHMuQXV0aGVudGljYXRpb25CYWNrZW5kIiwiX2F1dGhfdXNlcl9oYXNoIjoiNWNjNWUyYWRlNTJjMzVjYjJjYjgzMmQ5YzYwZDE0NWJkYmFkZTg3YSJ9",
      "expire_date": "2019-09-18T23:53:58.354Z"
    }
  },
  {
    "model": "sessions.session",
    "pk": "bvu7myzimbcjwi7qjcbr3wjvxfnrbl3b",
    "fields": {
      "session_data": "M2UxNGFiOWI2ODlkZmI1NTBiMzBiOWY4ODYyYTJkZGJmNDM1ZTFjMzp7Il9hdXRoX3VzZXJfaWQiOiIzIiwiX2F1dGhfdXNlcl9iYWNrZW5kIjoiYWxsYXV0aC5hY2NvdW50LmF1dGhfYmFja2VuZHMuQXV0aGVudGljYXRpb25CYWNrZW5kIiwiX2F1dGhfdXNlcl9oYXNoIjoiNWNjNWUyYWRlNTJjMzVjYjJjYjgzMmQ5YzYwZDE0NWJkYmFkZTg3YSJ9",
      "expire_date": "2019-09-23T04:20:49.216Z"
    }
  },
  {
    "model": "sessions.session",
    "pk": "dq9d59prqprjq5b91fiklhhm96gtgort",
    "fields": {
      "session_data": "M2UxNGFiOWI2ODlkZmI1NTBiMzBiOWY4ODYyYTJkZGJmNDM1ZTFjMzp7Il9hdXRoX3VzZXJfaWQiOiIzIiwiX2F1dGhfdXNlcl9iYWNrZW5kIjoiYWxsYXV0aC5hY2NvdW50LmF1dGhfYmFja2VuZHMuQXV0aGVudGljYXRpb25CYWNrZW5kIiwiX2F1dGhfdXNlcl9oYXNoIjoiNWNjNWUyYWRlNTJjMzVjYjJjYjgzMmQ5YzYwZDE0NWJkYmFkZTg3YSJ9",
      "expire_date": "2019-09-19T00:31:16.590Z"
    }
  },
  {
    "model": "sessions.session",
    "pk": "dww9s9y46ietqog6rto49go4k2sr6mjh",
    "fields": {
      "session_data": "MWFlMDgzM2MxMmI2MzhmYzUzMWZkMGU2YzA3YmJmNGQ0MTk3MWI5ZTp7Il9hdXRoX3VzZXJfaWQiOiIyIiwiX2F1dGhfdXNlcl9iYWNrZW5kIjoiYWxsYXV0aC5hY2NvdW50LmF1dGhfYmFja2VuZHMuQXV0aGVudGljYXRpb25CYWNrZW5kIiwiX2F1dGhfdXNlcl9oYXNoIjoiMWE2YjAwZDIxNGM5Y2VjNGRhZGRiNmVjN2YxNDdmMzMzNjA2OGU1ZCJ9",
      "expire_date": "2019-09-18T21:32:44.598Z"
    }
  },
  {
    "model": "sessions.session",
    "pk": "f52xhgki3owp3h2odngrnpudq0jr097h",
    "fields": {
      "session_data": "M2UxNGFiOWI2ODlkZmI1NTBiMzBiOWY4ODYyYTJkZGJmNDM1ZTFjMzp7Il9hdXRoX3VzZXJfaWQiOiIzIiwiX2F1dGhfdXNlcl9iYWNrZW5kIjoiYWxsYXV0aC5hY2NvdW50LmF1dGhfYmFja2VuZHMuQXV0aGVudGljYXRpb25CYWNrZW5kIiwiX2F1dGhfdXNlcl9oYXNoIjoiNWNjNWUyYWRlNTJjMzVjYjJjYjgzMmQ5YzYwZDE0NWJkYmFkZTg3YSJ9",
      "expire_date": "2019-09-19T21:43:23.075Z"
    }
  },
  {
    "model": "sessions.session",
    "pk": "f67qsxhti621y0qf9rnva325p6sfdj7k",
    "fields": {
      "session_data": "OGYxMDNlMzE2Nzg3ZTdlOTZlM2QzMmM4MzczY2QwNTFmM2MwYzZiMDp7Il9hdXRoX3VzZXJfaWQiOiIxIiwiX2F1dGhfdXNlcl9iYWNrZW5kIjoiYWxsYXV0aC5hY2NvdW50LmF1dGhfYmFja2VuZHMuQXV0aGVudGljYXRpb25CYWNrZW5kIiwiX2F1dGhfdXNlcl9oYXNoIjoiMjcwYTE3NGIwZTkzMzUwNjIwMDU2MjE5ZWMxYzgwNzg0MGJmNmQ1MSJ9",
      "expire_date": "2019-09-22T15:28:47.970Z"
    }
  },
  {
    "model": "sessions.session",
    "pk": "g16row0hxftkq7nv7o2za70rdy0tn6ql",
    "fields": {
      "session_data": "MWFlMDgzM2MxMmI2MzhmYzUzMWZkMGU2YzA3YmJmNGQ0MTk3MWI5ZTp7Il9hdXRoX3VzZXJfaWQiOiIyIiwiX2F1dGhfdXNlcl9iYWNrZW5kIjoiYWxsYXV0aC5hY2NvdW50LmF1dGhfYmFja2VuZHMuQXV0aGVudGljYXRpb25CYWNrZW5kIiwiX2F1dGhfdXNlcl9oYXNoIjoiMWE2YjAwZDIxNGM5Y2VjNGRhZGRiNmVjN2YxNDdmMzMzNjA2OGU1ZCJ9",
      "expire_date": "2019-09-23T04:18:56.657Z"
    }
  },
  {
    "model": "sessions.session",
    "pk": "jamnrarx6yp0ip3my29ehzic9dhlq9ik",
    "fields": {
      "session_data": "OGYxMDNlMzE2Nzg3ZTdlOTZlM2QzMmM4MzczY2QwNTFmM2MwYzZiMDp7Il9hdXRoX3VzZXJfaWQiOiIxIiwiX2F1dGhfdXNlcl9iYWNrZW5kIjoiYWxsYXV0aC5hY2NvdW50LmF1dGhfYmFja2VuZHMuQXV0aGVudGljYXRpb25CYWNrZW5kIiwiX2F1dGhfdXNlcl9oYXNoIjoiMjcwYTE3NGIwZTkzMzUwNjIwMDU2MjE5ZWMxYzgwNzg0MGJmNmQ1MSJ9",
      "expire_date": "2019-09-10T12:02:19.208Z"
    }
  },
  {
    "model": "sessions.session",
    "pk": "l09tfz6bi8coe7jo0pn5fl5lmermvo68",
    "fields": {
      "session_data": "ZDMwZDM3NzgxNDc5OTM1MTA2ZmI2MDA3MWZlMmZjZDYzNjFjZTQ3ZDp7Il9hdXRoX3VzZXJfaWQiOiIxIiwiX2F1dGhfdXNlcl9iYWNrZW5kIjoiZGphbmdvLmNvbnRyaWIuYXV0aC5iYWNrZW5kcy5Nb2RlbEJhY2tlbmQiLCJfYXV0aF91c2VyX2hhc2giOiIyNzBhMTc0YjBlOTMzNTA2MjAwNTYyMTllYzFjODA3ODQwYmY2ZDUxIn0=",
      "expire_date": "2019-09-09T00:55:30.825Z"
    }
  },
  {
    "model": "sessions.session",
    "pk": "l272lo6wd5t31vy4aypgrcf2s0ntyzeo",
    "fields": {
      "session_data": "OGYxMDNlMzE2Nzg3ZTdlOTZlM2QzMmM4MzczY2QwNTFmM2MwYzZiMDp7Il9hdXRoX3VzZXJfaWQiOiIxIiwiX2F1dGhfdXNlcl9iYWNrZW5kIjoiYWxsYXV0aC5hY2NvdW50LmF1dGhfYmFja2VuZHMuQXV0aGVudGljYXRpb25CYWNrZW5kIiwiX2F1dGhfdXNlcl9oYXNoIjoiMjcwYTE3NGIwZTkzMzUwNjIwMDU2MjE5ZWMxYzgwNzg0MGJmNmQ1MSJ9",
      "expire_date": "2019-09-23T04:07:43.254Z"
    }
  },
  {
    "model": "sessions.session",
    "pk": "mdc8wvjbo975125d464tfiu9joktf9dt",
    "fields": {
      "session_data": "OGYxMDNlMzE2Nzg3ZTdlOTZlM2QzMmM4MzczY2QwNTFmM2MwYzZiMDp7Il9hdXRoX3VzZXJfaWQiOiIxIiwiX2F1dGhfdXNlcl9iYWNrZW5kIjoiYWxsYXV0aC5hY2NvdW50LmF1dGhfYmFja2VuZHMuQXV0aGVudGljYXRpb25CYWNrZW5kIiwiX2F1dGhfdXNlcl9oYXNoIjoiMjcwYTE3NGIwZTkzMzUwNjIwMDU2MjE5ZWMxYzgwNzg0MGJmNmQ1MSJ9",
      "expire_date": "2019-09-18T22:53:21.486Z"
    }
  },
  {
    "model": "sessions.session",
    "pk": "mo93v8egscp98h9vrbgrsxrbf0j1fjdy",
    "fields": {
      "session_data": "MWFlMDgzM2MxMmI2MzhmYzUzMWZkMGU2YzA3YmJmNGQ0MTk3MWI5ZTp7Il9hdXRoX3VzZXJfaWQiOiIyIiwiX2F1dGhfdXNlcl9iYWNrZW5kIjoiYWxsYXV0aC5hY2NvdW50LmF1dGhfYmFja2VuZHMuQXV0aGVudGljYXRpb25CYWNrZW5kIiwiX2F1dGhfdXNlcl9oYXNoIjoiMWE2YjAwZDIxNGM5Y2VjNGRhZGRiNmVjN2YxNDdmMzMzNjA2OGU1ZCJ9",
      "expire_date": "2019-09-22T20:35:12.202Z"
    }
  },
  {
    "model": "sessions.session",
    "pk": "muhoi03s03o514tep2e7yporp1m3yl13",
    "fields": {
      "session_data": "OTFhMGFiMmMyOGVmN2U5N2QzMmFlNTg1MmE0NDBkMTMzYTczMDJlMTp7Il9hdXRoX3VzZXJfaWQiOiIyIiwiX2F1dGhfdXNlcl9iYWNrZW5kIjoiZGphbmdvLmNvbnRyaWIuYXV0aC5iYWNrZW5kcy5Nb2RlbEJhY2tlbmQiLCJfYXV0aF91c2VyX2hhc2giOiIxYTZiMDBkMjE0YzljZWM0ZGFkZGI2ZWM3ZjE0N2YzMzM2MDY4ZTVkIn0=",
      "expire_date": "2019-09-30T12:59:27.125Z"
    }
  },
  {
    "model": "sessions.session",
    "pk": "mz67dtz3tyriu7pmxnqb6oruo3ey0277",
    "fields": {
      "session_data": "MjVlM2Q5YTNjMTIxMmIxMDU1YThjYjg3YjkxNTAxMjZlNGVjN2U1Mzp7ImFjY291bnRfdmVyaWZpZWRfZW1haWwiOm51bGwsIl9hdXRoX3VzZXJfaWQiOiIzIiwiX2F1dGhfdXNlcl9iYWNrZW5kIjoiYWxsYXV0aC5hY2NvdW50LmF1dGhfYmFja2VuZHMuQXV0aGVudGljYXRpb25CYWNrZW5kIiwiX2F1dGhfdXNlcl9oYXNoIjoiNWNjNWUyYWRlNTJjMzVjYjJjYjgzMmQ5YzYwZDE0NWJkYmFkZTg3YSJ9",
      "expire_date": "2019-09-18T21:30:39.370Z"
    }
  },
  {
    "model": "sessions.session",
    "pk": "od0joapxunb66idn6vo59onz5s8vkqf2",
    "fields": {
      "session_data": "MWFlMDgzM2MxMmI2MzhmYzUzMWZkMGU2YzA3YmJmNGQ0MTk3MWI5ZTp7Il9hdXRoX3VzZXJfaWQiOiIyIiwiX2F1dGhfdXNlcl9iYWNrZW5kIjoiYWxsYXV0aC5hY2NvdW50LmF1dGhfYmFja2VuZHMuQXV0aGVudGljYXRpb25CYWNrZW5kIiwiX2F1dGhfdXNlcl9oYXNoIjoiMWE2YjAwZDIxNGM5Y2VjNGRhZGRiNmVjN2YxNDdmMzMzNjA2OGU1ZCJ9",
      "expire_date": "2019-09-27T18:56:42.969Z"
    }
  },
  {
    "model": "sessions.session",
    "pk": "ojyjgs2ndlc4vp5solw6g85zxewkrc8g",
    "fields": {
      "session_data": "MWFlMDgzM2MxMmI2MzhmYzUzMWZkMGU2YzA3YmJmNGQ0MTk3MWI5ZTp7Il9hdXRoX3VzZXJfaWQiOiIyIiwiX2F1dGhfdXNlcl9iYWNrZW5kIjoiYWxsYXV0aC5hY2NvdW50LmF1dGhfYmFja2VuZHMuQXV0aGVudGljYXRpb25CYWNrZW5kIiwiX2F1dGhfdXNlcl9oYXNoIjoiMWE2YjAwZDIxNGM5Y2VjNGRhZGRiNmVjN2YxNDdmMzMzNjA2OGU1ZCJ9",
      "expire_date": "2019-09-23T08:54:08.925Z"
    }
  },
  {
    "model": "sessions.session",
    "pk": "otz46g0trbb4n4pw16jksw2mr28vtg72",
    "fields": {
      "session_data": "MWFlMDgzM2MxMmI2MzhmYzUzMWZkMGU2YzA3YmJmNGQ0MTk3MWI5ZTp7Il9hdXRoX3VzZXJfaWQiOiIyIiwiX2F1dGhfdXNlcl9iYWNrZW5kIjoiYWxsYXV0aC5hY2NvdW50LmF1dGhfYmFja2VuZHMuQXV0aGVudGljYXRpb25CYWNrZW5kIiwiX2F1dGhfdXNlcl9oYXNoIjoiMWE2YjAwZDIxNGM5Y2VjNGRhZGRiNmVjN2YxNDdmMzMzNjA2OGU1ZCJ9",
      "expire_date": "2019-09-23T04:02:13.922Z"
    }
  },
  {
    "model": "sessions.session",
    "pk": "pb6pz3qapow8eb4cewqgoyimkjfa7hfd",
    "fields": {
      "session_data": "MWFlMDgzM2MxMmI2MzhmYzUzMWZkMGU2YzA3YmJmNGQ0MTk3MWI5ZTp7Il9hdXRoX3VzZXJfaWQiOiIyIiwiX2F1dGhfdXNlcl9iYWNrZW5kIjoiYWxsYXV0aC5hY2NvdW50LmF1dGhfYmFja2VuZHMuQXV0aGVudGljYXRpb25CYWNrZW5kIiwiX2F1dGhfdXNlcl9oYXNoIjoiMWE2YjAwZDIxNGM5Y2VjNGRhZGRiNmVjN2YxNDdmMzMzNjA2OGU1ZCJ9",
      "expire_date": "2019-09-27T17:49:03.627Z"
    }
  },
  {
    "model": "sessions.session",
    "pk": "pflwtl1lkddmacj39pfa2g6x8gqyd8x0",
    "fields": {
      "session_data": "MWFlMDgzM2MxMmI2MzhmYzUzMWZkMGU2YzA3YmJmNGQ0MTk3MWI5ZTp7Il9hdXRoX3VzZXJfaWQiOiIyIiwiX2F1dGhfdXNlcl9iYWNrZW5kIjoiYWxsYXV0aC5hY2NvdW50LmF1dGhfYmFja2VuZHMuQXV0aGVudGljYXRpb25CYWNrZW5kIiwiX2F1dGhfdXNlcl9oYXNoIjoiMWE2YjAwZDIxNGM5Y2VjNGRhZGRiNmVjN2YxNDdmMzMzNjA2OGU1ZCJ9",
      "expire_date": "2019-09-23T02:54:45.980Z"
    }
  },
  {
    "model": "sessions.session",
    "pk": "pp7j0ahe6p035rthn476i7zg87fpk3sy",
    "fields": {
      "session_data": "OGYxMDNlMzE2Nzg3ZTdlOTZlM2QzMmM4MzczY2QwNTFmM2MwYzZiMDp7Il9hdXRoX3VzZXJfaWQiOiIxIiwiX2F1dGhfdXNlcl9iYWNrZW5kIjoiYWxsYXV0aC5hY2NvdW50LmF1dGhfYmFja2VuZHMuQXV0aGVudGljYXRpb25CYWNrZW5kIiwiX2F1dGhfdXNlcl9oYXNoIjoiMjcwYTE3NGIwZTkzMzUwNjIwMDU2MjE5ZWMxYzgwNzg0MGJmNmQ1MSJ9",
      "expire_date": "2019-09-22T12:27:56.553Z"
    }
  },
  {
    "model": "sessions.session",
    "pk": "q7ny2qgrs6bje7knalxlmdkrktwmwd78",
    "fields": {
      "session_data": "MTJmMTFkMzU4MDk0NTc4YThhZDc5MjNjNGJkZmRmMTdjM2U4OWEzMDp7ImFjY291bnRfdmVyaWZpZWRfZW1haWwiOm51bGwsIl9hdXRoX3VzZXJfaWQiOiI4IiwiX2F1dGhfdXNlcl9iYWNrZW5kIjoiYWxsYXV0aC5hY2NvdW50LmF1dGhfYmFja2VuZHMuQXV0aGVudGljYXRpb25CYWNrZW5kIiwiX2F1dGhfdXNlcl9oYXNoIjoiZWZlNzEyYjY2NjE1N2JiYmFjNjUwODBhZDQyZmRkMjYxNDE1NTFmOSJ9",
      "expire_date": "2019-09-19T23:09:46.039Z"
    }
  },
  {
    "model": "sessions.session",
    "pk": "ql9h8s12vz3jodyiql7tdu6l3l0g9kuu",
    "fields": {
      "session_data": "MjU4Y2U3YjI4YjBjODRlNjhhNGNmNmRhM2I0MmM4YjE2OWY4NDZiOTp7ImFjY291bnRfdmVyaWZpZWRfZW1haWwiOm51bGwsIl9hdXRoX3VzZXJfaWQiOiI5IiwiX2F1dGhfdXNlcl9iYWNrZW5kIjoiYWxsYXV0aC5hY2NvdW50LmF1dGhfYmFja2VuZHMuQXV0aGVudGljYXRpb25CYWNrZW5kIiwiX2F1dGhfdXNlcl9oYXNoIjoiM2I1MGE2ZjI1OWE4NzRjODIzM2FmYTlmNzQ5MmQ2MGU5YTI4MzU5MSJ9",
      "expire_date": "2019-09-23T08:36:04.598Z"
    }
  },
  {
    "model": "sessions.session",
    "pk": "seqtrvaun0k9s4a6mlwd4szq9hhir573",
    "fields": {
      "session_data": "OGEyYmIzNzUyNWE3NjAyYTg0MjAzNWQyMmRjODU3Y2M3Mzk3NDk4NDp7ImFjY291bnRfdmVyaWZpZWRfZW1haWwiOm51bGwsIl9hdXRoX3VzZXJfaWQiOiI1IiwiX2F1dGhfdXNlcl9iYWNrZW5kIjoiYWxsYXV0aC5hY2NvdW50LmF1dGhfYmFja2VuZHMuQXV0aGVudGljYXRpb25CYWNrZW5kIiwiX2F1dGhfdXNlcl9oYXNoIjoiMWFhN2UwZGQ0ZmU5YWM1YWUyODY2N2YxYjZmMjIyNDlmYzMyMmM3YSJ9",
      "expire_date": "2019-09-19T20:52:53.352Z"
    }
  },
  {
    "model": "sessions.session",
    "pk": "tzs4c1h4rlms9t56t023ol0x9ay1w003",
    "fields": {
      "session_data": "OGYxMDNlMzE2Nzg3ZTdlOTZlM2QzMmM4MzczY2QwNTFmM2MwYzZiMDp7Il9hdXRoX3VzZXJfaWQiOiIxIiwiX2F1dGhfdXNlcl9iYWNrZW5kIjoiYWxsYXV0aC5hY2NvdW50LmF1dGhfYmFja2VuZHMuQXV0aGVudGljYXRpb25CYWNrZW5kIiwiX2F1dGhfdXNlcl9oYXNoIjoiMjcwYTE3NGIwZTkzMzUwNjIwMDU2MjE5ZWMxYzgwNzg0MGJmNmQ1MSJ9",
      "expire_date": "2019-09-23T03:34:59.787Z"
    }
  },
  {
    "model": "sessions.session",
    "pk": "u9zkcvdg1xn0nhzge3b3eb4ht2f992eq",
    "fields": {
      "session_data": "MWFlMDgzM2MxMmI2MzhmYzUzMWZkMGU2YzA3YmJmNGQ0MTk3MWI5ZTp7Il9hdXRoX3VzZXJfaWQiOiIyIiwiX2F1dGhfdXNlcl9iYWNrZW5kIjoiYWxsYXV0aC5hY2NvdW50LmF1dGhfYmFja2VuZHMuQXV0aGVudGljYXRpb25CYWNrZW5kIiwiX2F1dGhfdXNlcl9oYXNoIjoiMWE2YjAwZDIxNGM5Y2VjNGRhZGRiNmVjN2YxNDdmMzMzNjA2OGU1ZCJ9",
      "expire_date": "2019-09-22T21:40:49.498Z"
    }
  },
  {
    "model": "sessions.session",
    "pk": "uv2u9itgrhcy7m119gterq4dw47gazsc",
    "fields": {
      "session_data": "MWFlMDgzM2MxMmI2MzhmYzUzMWZkMGU2YzA3YmJmNGQ0MTk3MWI5ZTp7Il9hdXRoX3VzZXJfaWQiOiIyIiwiX2F1dGhfdXNlcl9iYWNrZW5kIjoiYWxsYXV0aC5hY2NvdW50LmF1dGhfYmFja2VuZHMuQXV0aGVudGljYXRpb25CYWNrZW5kIiwiX2F1dGhfdXNlcl9oYXNoIjoiMWE2YjAwZDIxNGM5Y2VjNGRhZGRiNmVjN2YxNDdmMzMzNjA2OGU1ZCJ9",
      "expire_date": "2019-09-19T00:38:19.564Z"
    }
  },
  {
    "model": "sessions.session",
    "pk": "vj868syegtobwl31qvmztu2v7y2pq0mu",
    "fields": {
      "session_data": "MDhmMzliY2U2MTQ2MmUxMDA3ODUyYTA3NDliZjdiMjY3Mjk4MTU3ZDp7Il9hdXRoX3VzZXJfaWQiOiIxIiwiX2F1dGhfdXNlcl9iYWNrZW5kIjoiZGphbmdvLmNvbnRyaWIuYXV0aC5iYWNrZW5kcy5Nb2RlbEJhY2tlbmQiLCJfYXV0aF91c2VyX2hhc2giOiIwMjY0ZDRlM2M2NzNlY2JkNzk1NGQwZWY2OGUzNWFmYmZkOWVlNWM2In0=",
      "expire_date": "2019-09-09T00:45:27.726Z"
    }
  },
  {
    "model": "sessions.session",
    "pk": "w94clx9rrg1xd5iwyxgm8rkzsnvh27y4",
    "fields": {
      "session_data": "OGYxMDNlMzE2Nzg3ZTdlOTZlM2QzMmM4MzczY2QwNTFmM2MwYzZiMDp7Il9hdXRoX3VzZXJfaWQiOiIxIiwiX2F1dGhfdXNlcl9iYWNrZW5kIjoiYWxsYXV0aC5hY2NvdW50LmF1dGhfYmFja2VuZHMuQXV0aGVudGljYXRpb25CYWNrZW5kIiwiX2F1dGhfdXNlcl9oYXNoIjoiMjcwYTE3NGIwZTkzMzUwNjIwMDU2MjE5ZWMxYzgwNzg0MGJmNmQ1MSJ9",
      "expire_date": "2019-09-23T03:21:37.096Z"
    }
  },
  {
    "model": "sessions.session",
    "pk": "yv0xflkbdgahvdicippm5ff4ihfduqtm",
    "fields": {
      "session_data": "OGYxMDNlMzE2Nzg3ZTdlOTZlM2QzMmM4MzczY2QwNTFmM2MwYzZiMDp7Il9hdXRoX3VzZXJfaWQiOiIxIiwiX2F1dGhfdXNlcl9iYWNrZW5kIjoiYWxsYXV0aC5hY2NvdW50LmF1dGhfYmFja2VuZHMuQXV0aGVudGljYXRpb25CYWNrZW5kIiwiX2F1dGhfdXNlcl9oYXNoIjoiMjcwYTE3NGIwZTkzMzUwNjIwMDU2MjE5ZWMxYzgwNzg0MGJmNmQ1MSJ9",
      "expire_date": "2019-09-09T02:03:17.191Z"
    }
  },
  {
    "model": "sessions.session",
    "pk": "yzu550mo8814nzpkkul7z0yoyfveefxr",
    "fields": {
      "session_data": "OGYxMDNlMzE2Nzg3ZTdlOTZlM2QzMmM4MzczY2QwNTFmM2MwYzZiMDp7Il9hdXRoX3VzZXJfaWQiOiIxIiwiX2F1dGhfdXNlcl9iYWNrZW5kIjoiYWxsYXV0aC5hY2NvdW50LmF1dGhfYmFja2VuZHMuQXV0aGVudGljYXRpb25CYWNrZW5kIiwiX2F1dGhfdXNlcl9oYXNoIjoiMjcwYTE3NGIwZTkzMzUwNjIwMDU2MjE5ZWMxYzgwNzg0MGJmNmQ1MSJ9",
      "expire_date": "2019-09-22T20:32:19.245Z"
    }
  },
  {
    "model": "sessions.session",
    "pk": "zbw1cmm185verijy0drs7xwxtst17ait",
    "fields": {
      "session_data": "OGYxMDNlMzE2Nzg3ZTdlOTZlM2QzMmM4MzczY2QwNTFmM2MwYzZiMDp7Il9hdXRoX3VzZXJfaWQiOiIxIiwiX2F1dGhfdXNlcl9iYWNrZW5kIjoiYWxsYXV0aC5hY2NvdW50LmF1dGhfYmFja2VuZHMuQXV0aGVudGljYXRpb25CYWNrZW5kIiwiX2F1dGhfdXNlcl9oYXNoIjoiMjcwYTE3NGIwZTkzMzUwNjIwMDU2MjE5ZWMxYzgwNzg0MGJmNmQ1MSJ9",
      "expire_date": "2019-09-09T03:35:01.563Z"
    }
  },
  {
    "model": "sessions.session",
    "pk": "zdwsj84xrjn9vallq3yeok6crmlfyn59",
    "fields": {
      "session_data": "OGYxMDNlMzE2Nzg3ZTdlOTZlM2QzMmM4MzczY2QwNTFmM2MwYzZiMDp7Il9hdXRoX3VzZXJfaWQiOiIxIiwiX2F1dGhfdXNlcl9iYWNrZW5kIjoiYWxsYXV0aC5hY2NvdW50LmF1dGhfYmFja2VuZHMuQXV0aGVudGljYXRpb25CYWNrZW5kIiwiX2F1dGhfdXNlcl9oYXNoIjoiMjcwYTE3NGIwZTkzMzUwNjIwMDU2MjE5ZWMxYzgwNzg0MGJmNmQ1MSJ9",
      "expire_date": "2019-09-13T14:37:49.842Z"
    }
  },
  {
    "model": "sessions.session",
    "pk": "zle0rqbzkfcjqpszt45kfzpo92nm4rw0",
    "fields": {
      "session_data": "MWFlMDgzM2MxMmI2MzhmYzUzMWZkMGU2YzA3YmJmNGQ0MTk3MWI5ZTp7Il9hdXRoX3VzZXJfaWQiOiIyIiwiX2F1dGhfdXNlcl9iYWNrZW5kIjoiYWxsYXV0aC5hY2NvdW50LmF1dGhfYmFja2VuZHMuQXV0aGVudGljYXRpb25CYWNrZW5kIiwiX2F1dGhfdXNlcl9oYXNoIjoiMWE2YjAwZDIxNGM5Y2VjNGRhZGRiNmVjN2YxNDdmMzMzNjA2OGU1ZCJ9",
      "expire_date": "2019-09-22T15:54:43.325Z"
    }
  },
  {
    "model": "core.editor",
    "pk": 1,
    "fields": {
      "name": "Stackblitz",
      "created_at": "2019-08-26T01:14:38Z",
      "modified_at": "2019-08-26T01:14:44.840Z"
    }
  },
  {
    "model": "core.tag",
    "pk": 1,
    "fields": {
      "title": "React",
      "slug": "react",
      "description": "react",
      "used_times": 5,
      "is_deleted": false,
      "created_at": "2019-08-26T01:13:39Z",
      "modified_at": "2019-09-05T22:59:10.124Z",
      "deleted_at": null
    }
  },
  {
    "model": "core.tag",
    "pk": 2,
    "fields": {
      "title": "Angular",
      "slug": "angular",
      "description": "AngularJS is a JavaScript-based open-source front-end web framework mainly maintained by Google and by a community of individuals and corporations to address many of the challenges encountered in developing single-page applications. It aims to simplify bo",
      "used_times": 0,
      "is_deleted": false,
      "created_at": "2019-09-04T22:53:52Z",
      "modified_at": "2019-09-04T22:55:18.877Z",
      "deleted_at": null
    }
  },
  {
    "model": "core.tag",
    "pk": 3,
    "fields": {
      "title": "Vue.js",
      "slug": "vuejs",
      "description": "Vue.js (commonly referred to as Vue; pronounced /vju\u02d0/, like view) is an open-source JavaScript framework for building user interfaces and single-page applications. Vue.js features an incrementally adoptable architecture that focuses on declarative render",
      "used_times": 0,
      "is_deleted": false,
      "created_at": "2019-09-04T22:56:30Z",
      "modified_at": "2019-09-04T22:59:16.393Z",
      "deleted_at": null
    }
  },
  {
    "model": "core.tag",
    "pk": 4,
    "fields": {
      "title": "Svelte",
      "slug": "svelte",
      "description": "Svelte is a radical new approach to building user interfaces. Whereas traditional frameworks like React and Vue do the bulk of their work in the browser, Svelte shift",
      "used_times": 0,
      "is_deleted": false,
      "created_at": "2019-09-04T22:59:16Z",
      "modified_at": "2019-09-04T23:01:54.844Z",
      "deleted_at": null
    }
  },
  {
    "model": "core.tag",
    "pk": 5,
    "fields": {
      "title": "Sass",
      "slug": "sass",
      "description": "Sass is the most mature, stable, and powerful professional grade CSS extension language in the world.",
      "used_times": 0,
      "is_deleted": false,
      "created_at": "2019-09-04T23:01:58Z",
      "modified_at": "2019-09-04T23:02:35.139Z",
      "deleted_at": null
    }
  },
  {
    "model": "core.tag",
    "pk": 6,
    "fields": {
      "title": "Less",
      "slug": "less",
      "description": "Less (which stands for Leaner Style Sheets) is a backwards-compatible language extension for CSS. This is the official documentation for Less, the language and Less.js, the JavaScript tool that converts your Less styles to CSS styles.",
      "used_times": 0,
      "is_deleted": false,
      "created_at": "2019-09-04T23:02:40Z",
      "modified_at": "2019-09-04T23:03:05.107Z",
      "deleted_at": null
    }
  },
  {
    "model": "core.tag",
    "pk": 7,
    "fields": {
      "title": "Stylus",
      "slug": "stylus",
      "description": "Stylus is a dynamic stylesheet preprocessor language that is compiled into Cascading Style Sheets (CSS). Its design is influenced by Sass and LESS. It's regarded as the fourth most used CSS preprocessor syntax.",
      "used_times": 0,
      "is_deleted": false,
      "created_at": "2019-09-04T23:03:05Z",
      "modified_at": "2019-09-04T23:04:26.599Z",
      "deleted_at": null
    }
  },
  {
    "model": "core.tag",
    "pk": 8,
    "fields": {
      "title": "Ember",
      "slug": "ember",
      "description": "Ember.js is an open-source JavaScript web framework, based on the Model\u2013view\u2013viewmodel (MVVM) pattern. It allows developers to create scalable single-page web applications[3] by incorporating common idioms and best practices into the framework.  Ember is",
      "used_times": 0,
      "is_deleted": false,
      "created_at": "2019-09-04T23:04:26Z",
      "modified_at": "2019-09-04T23:09:03.047Z",
      "deleted_at": null
    }
  },
  {
    "model": "core.tag",
    "pk": 9,
    "fields": {
      "title": "Backbone",
      "slug": "backbone",
      "description": "Backbone.js is a JavaScript library with a RESTful JSON interface and is based on the Model\u2013view\u2013presenter (MVP) application design paradigm. Backbone is known for being lightweight, as its only hard dependency is on one JavaScript library,[2] Underscore.",
      "used_times": 0,
      "is_deleted": false,
      "created_at": "2019-09-04T23:10:31Z",
      "modified_at": "2019-09-04T23:10:40.613Z",
      "deleted_at": null
    }
  },
  {
    "model": "core.tag",
    "pk": 10,
    "fields": {
      "title": "RxJS",
      "slug": "rxjs",
      "description": "RxJS is a library for reactive programming using Observables, to make it easier to compose asynchronous or callback-based code. This project is a rewrite of Reactive-Extensions/RxJS with better performance, better modularity, better debuggable call stacks",
      "used_times": 0,
      "is_deleted": false,
      "created_at": "2019-09-04T23:10:40Z",
      "modified_at": "2019-09-04T23:11:12.210Z",
      "deleted_at": null
    }
  },
  {
    "model": "core.tag",
    "pk": 11,
    "fields": {
      "title": "Lodash",
      "slug": "lodash",
      "description": "A modern JavaScript utility library delivering modularity, performance & extras.",
      "used_times": 0,
      "is_deleted": false,
      "created_at": "2019-09-04T23:11:12Z",
      "modified_at": "2019-09-04T23:11:43.150Z",
      "deleted_at": null
    }
  },
  {
    "model": "core.tag",
    "pk": 12,
    "fields": {
      "title": "Underscore",
      "slug": "underscore",
      "description": "Underscore is a JavaScript library that provides a whole mess of useful functional programming helpers without extending any built-in objects. It\u2019s the answer to the question: \u201cIf I sit down in front of a blank HTML page, and want to start being productiv",
      "used_times": 0,
      "is_deleted": false,
      "created_at": "2019-09-04T23:11:43Z",
      "modified_at": "2019-09-04T23:12:04.574Z",
      "deleted_at": null
    }
  },
  {
    "model": "core.tag",
    "pk": 13,
    "fields": {
      "title": "HTML",
      "slug": "html",
      "description": "Hypertext Markup Language (HTML) is the standard markup language for documents designed to be displayed in a web browser. It can be assisted by technologies such as Cascading Style Sheets (CSS) and scripting languages such as JavaScript.",
      "used_times": 0,
      "is_deleted": false,
      "created_at": "2019-09-04T23:12:04Z",
      "modified_at": "2019-09-04T23:12:36.530Z",
      "deleted_at": null
    }
  },
  {
    "model": "core.tag",
    "pk": 14,
    "fields": {
      "title": "CSS",
      "slug": "css",
      "description": "Cascading Style Sheets (CSS) is a style sheet language used for describing the presentation of a document written in a markup language like HTML.[1] CSS is a cornerstone technology of the World Wide Web, alongside HTML and JavaScript.",
      "used_times": 1,
      "is_deleted": false,
      "created_at": "2019-09-04T23:12:36Z",
      "modified_at": "2019-09-05T00:17:52.556Z",
      "deleted_at": null
    }
  },
  {
    "model": "core.tag",
    "pk": 15,
    "fields": {
      "title": "jQuery",
      "slug": "jquery",
      "description": "jQuery is a JavaScript library designed to simplify HTML DOM tree traversal and manipulation, as well as event handling, CSS animation, and Ajax",
      "used_times": 11,
      "is_deleted": false,
      "created_at": "2019-09-04T23:12:59Z",
      "modified_at": "2019-09-13T17:49:52.316Z",
      "deleted_at": null
    }
  },
  {
    "model": "core.tag",
    "pk": 16,
    "fields": {
      "title": "TypeScript",
      "slug": "typescript",
      "description": "TypeScript is an open-source programming language developed and maintained by Microsoft. It is a strict syntactical superset of JavaScript, and adds optional static typing to the language.",
      "used_times": 0,
      "is_deleted": false,
      "created_at": "2019-09-04T23:13:29Z",
      "modified_at": "2019-09-04T23:14:37.412Z",
      "deleted_at": null
    }
  },
  {
    "model": "core.tag",
    "pk": 17,
    "fields": {
      "title": "ES6",
      "slug": "es6",
      "description": "The 6th edition, initially known as ECMAScript 6 (ES6) then and later renamed to ECMAScript 2015, was finalized in June 2015.",
      "used_times": 0,
      "is_deleted": false,
      "created_at": "2019-09-04T23:14:37Z",
      "modified_at": "2019-09-04T23:15:33.192Z",
      "deleted_at": null
    }
  },
  {
    "model": "core.tag",
    "pk": 18,
    "fields": {
      "title": "ES7",
      "slug": "es7",
      "description": "The 7th edition, officially known as ECMAScript 2016, was finalized in June 2016.[10] The major standard language features include block-scoping of variables and functions, destructuring patterns (of variables), proper tail calls, exponentiation operator",
      "used_times": 0,
      "is_deleted": false,
      "created_at": "2019-09-04T23:15:33Z",
      "modified_at": "2019-09-04T23:15:56.082Z",
      "deleted_at": null
    }
  },
  {
    "model": "core.tag",
    "pk": 19,
    "fields": {
      "title": "ES8",
      "slug": "es8",
      "description": "The 8th edition, officially known as ECMAScript 2017, was finalized in June 2017.[11] Includesasync/awaitconstructions, which work using generators and promises. [33] ECMAScript 2017 (ES2017), the eighth edition, includes features for concurrency and atom",
      "used_times": 0,
      "is_deleted": false,
      "created_at": "2019-09-04T23:15:56Z",
      "modified_at": "2019-09-04T23:16:24.839Z",
      "deleted_at": null
    }
  },
  {
    "model": "core.tag",
    "pk": 20,
    "fields": {
      "title": "ES9",
      "slug": "es9",
      "description": "The 9th edition, officially known as ECMAScript 2018, was finalized in June 2018.[12] New features include rest/spread operators for variables (three dots: ...identifier), asynchronous iteration, Promise.prototype.finally() and additions to RegExp.",
      "used_times": 0,
      "is_deleted": false,
      "created_at": "2019-09-04T23:16:25Z",
      "modified_at": "2019-09-04T23:17:43.703Z",
      "deleted_at": null
    }
  },
  {
    "model": "core.tag",
    "pk": 21,
    "fields": {
      "title": "ES.Next",
      "slug": "es-next",
      "description": "ES.Next is a dynamic name that refers to whatever the next version is at time of writing. ES.Next features are more correctly called proposals, because, by definition, the specification has not been finalized yet.",
      "used_times": 0,
      "is_deleted": false,
      "created_at": "2019-09-04T23:17:43Z",
      "modified_at": "2019-09-04T23:18:19.767Z",
      "deleted_at": null
    }
  },
  {
    "model": "core.tag",
    "pk": 22,
    "fields": {
      "title": "ES10",
      "slug": "es10",
      "description": "The 10th edition, officially known as ECMAScript 2019, was published in June 2019",
      "used_times": 0,
      "is_deleted": false,
      "created_at": "2019-09-04T23:18:19Z",
      "modified_at": "2019-09-04T23:18:35.632Z",
      "deleted_at": null
    }
  },
  {
    "model": "core.tag",
    "pk": 23,
    "fields": {
      "title": "Gatsby",
      "slug": "gatsby",
      "description": "Gatsby is a free and open source framework based on React that helps developers build blazing fast websites and apps.",
      "used_times": 0,
      "is_deleted": false,
      "created_at": "2019-09-04T23:18:35Z",
      "modified_at": "2019-09-04T23:19:27.628Z",
      "deleted_at": null
    }
  },
  {
    "model": "core.tag",
    "pk": 24,
    "fields": {
      "title": "Nuxt",
      "slug": "nuxt",
      "description": "Nuxt.js presets all the configuration needed to make your development of a Vue.js application enjoyable.",
      "used_times": 0,
      "is_deleted": false,
      "created_at": "2019-09-04T23:19:27Z",
      "modified_at": "2019-09-04T23:20:59.871Z",
      "deleted_at": null
    }
  },
  {
    "model": "core.tag",
    "pk": 25,
    "fields": {
      "title": "GraphQL",
      "slug": "graphql",
      "description": "GraphQL is a query language for APIs and a runtime for fulfilling those queries with your existing data. GraphQL provides a complete and understandable description of the data in your API, gives clients the power to ask for exactly what they need.",
      "used_times": 0,
      "is_deleted": false,
      "created_at": "2019-09-04T23:21:00Z",
      "modified_at": "2019-09-04T23:21:35.154Z",
      "deleted_at": null
    }
  },
  {
    "model": "core.tag",
    "pk": 26,
    "fields": {
      "title": "Node",
      "slug": "node",
      "description": "Node.js\u00ae is a JavaScript runtime built on Chrome's V8 JavaScript engine.",
      "used_times": 0,
      "is_deleted": false,
      "created_at": "2019-09-04T23:21:35Z",
      "modified_at": "2019-09-04T23:22:03.332Z",
      "deleted_at": null
    }
  },
  {
    "model": "core.tag",
    "pk": 27,
    "fields": {
      "title": "npm",
      "slug": "npm",
      "description": "npm is the tool used by over 11,000,000 JavaScript developers around the world. Your developers already use it. Your company depends on it. Create an Org and get more out of the tools your team already knows and loves.",
      "used_times": 0,
      "is_deleted": false,
      "created_at": "2019-09-04T23:22:03Z",
      "modified_at": "2019-09-04T23:22:29.526Z",
      "deleted_at": null
    }
  },
  {
    "model": "core.tag",
    "pk": 28,
    "fields": {
      "title": "Yarn",
      "slug": "yarn",
      "description": "Fast, reliable, and secure dependency management.",
      "used_times": 0,
      "is_deleted": false,
      "created_at": "2019-09-04T23:22:29Z",
      "modified_at": "2019-09-04T23:24:01.712Z",
      "deleted_at": null
    }
  },
  {
    "model": "core.tag",
    "pk": 29,
    "fields": {
      "title": "Parcel",
      "slug": "parcel",
      "description": "Blazing fast bundle times. Parcel uses worker processes to enable multicore compilation, and has a filesystem cache for fast rebuilds even after a restart.",
      "used_times": 0,
      "is_deleted": false,
      "created_at": "2019-09-04T23:24:01Z",
      "modified_at": "2019-09-04T23:24:16.256Z",
      "deleted_at": null
    }
  },
  {
    "model": "core.tag",
    "pk": 30,
    "fields": {
      "title": "Tests",
      "slug": "tests",
      "description": "Software testing is an investigation conducted to provide stakeholders with information about the quality of the software product or service under test.",
      "used_times": 0,
      "is_deleted": false,
      "created_at": "2019-09-04T23:24:16Z",
      "modified_at": "2019-09-04T23:24:56.325Z",
      "deleted_at": null
    }
  },
  {
    "model": "core.tag",
    "pk": 31,
    "fields": {
      "title": "Unit Tests",
      "slug": "unit-tests",
      "description": "In computer programming, unit testing is a software testing method by which individual units of source code, sets of one or more computer program modules together with associated control data, usage procedures, and operating procedures, are tested to dete",
      "used_times": 0,
      "is_deleted": false,
      "created_at": "2019-09-04T23:24:56Z",
      "modified_at": "2019-09-04T23:25:19.715Z",
      "deleted_at": null
    }
  },
  {
    "model": "core.tag",
    "pk": 32,
    "fields": {
      "title": "Integration tests",
      "slug": "integration-tests",
      "description": "Integration testing (sometimes called integration and testing, abbreviated I&T) is the phase in software testing in which individual software modules are combined and tested as a group.",
      "used_times": 0,
      "is_deleted": false,
      "created_at": "2019-09-04T23:25:19Z",
      "modified_at": "2019-09-04T23:26:05.565Z",
      "deleted_at": null
    }
  },
  {
    "model": "core.tag",
    "pk": 33,
    "fields": {
      "title": "E2E Tests",
      "slug": "e2e-tests",
      "description": "nd-to-end testing is a methodology used to test whether the flow of an application is performing as designed from start to finish",
      "used_times": 0,
      "is_deleted": false,
      "created_at": "2019-09-04T23:26:05Z",
      "modified_at": "2019-09-04T23:27:01.175Z",
      "deleted_at": null
    }
  },
  {
    "model": "core.tag",
    "pk": 34,
    "fields": {
      "title": "Cypress",
      "slug": "cypress",
      "description": "Fast, easy and reliable testing for anything that runs in a browser.",
      "used_times": 0,
      "is_deleted": false,
      "created_at": "2019-09-04T23:27:01Z",
      "modified_at": "2019-09-04T23:27:24.862Z",
      "deleted_at": null
    }
  },
  {
    "model": "core.tag",
    "pk": 35,
    "fields": {
      "title": "Selenium",
      "slug": "selenium",
      "description": "Selenium automates browsers",
      "used_times": 0,
      "is_deleted": false,
      "created_at": "2019-09-04T23:27:25Z",
      "modified_at": "2019-09-04T23:28:33.316Z",
      "deleted_at": null
    }
  },
  {
    "model": "core.tag",
    "pk": 36,
    "fields": {
      "title": "Webpack",
      "slug": "webpack",
      "description": "At its core, webpack is a static module bundler for modern JavaScript applications. When webpack processes your application, it internally builds a dependency graph which maps every module your project needs and generates one or more bundles.",
      "used_times": 0,
      "is_deleted": false,
      "created_at": "2019-09-04T23:28:33Z",
      "modified_at": "2019-09-04T23:29:14.142Z",
      "deleted_at": null
    }
  },
  {
    "model": "core.tag",
    "pk": 37,
    "fields": {
      "title": "REST",
      "slug": "rest",
      "description": "Representational State Transfer (REST) is a software architectural style that defines a set of constraints to be used for creating Web services.",
      "used_times": 0,
      "is_deleted": false,
      "created_at": "2019-09-04T23:30:16Z",
      "modified_at": "2019-09-04T23:30:55.345Z",
      "deleted_at": null
    }
  },
  {
    "model": "core.tag",
    "pk": 38,
    "fields": {
      "title": "Axios",
      "slug": "axios",
      "description": "Promise based HTTP client for the browser and node.js",
      "used_times": 0,
      "is_deleted": false,
      "created_at": "2019-09-04T23:30:55Z",
      "modified_at": "2019-09-04T23:31:25.029Z",
      "deleted_at": null
    }
  },
  {
    "model": "core.tag",
    "pk": 39,
    "fields": {
      "title": "D3",
      "slug": "d3",
      "description": "D3.js is a JavaScript library for manipulating documents based on data. D3 helps you bring data to life using HTML, SVG, and CSS",
      "used_times": 0,
      "is_deleted": false,
      "created_at": "2019-09-04T23:31:25Z",
      "modified_at": "2019-09-04T23:32:08.011Z",
      "deleted_at": null
    }
  },
  {
    "model": "core.tag",
    "pk": 40,
    "fields": {
      "title": "three.js",
      "slug": "three-js",
      "description": "DescriptionThree.js is a cross-browser JavaScript library and Application Programming Interface used to create and display animated 3D computer graphics in a web browser.",
      "used_times": 0,
      "is_deleted": false,
      "created_at": "2019-09-04T23:32:08Z",
      "modified_at": "2019-09-04T23:32:59.924Z",
      "deleted_at": null
    }
  },
  {
    "model": "core.tag",
    "pk": 41,
    "fields": {
      "title": "Algorithms",
      "slug": "algorithms",
      "description": "In mathematics and computer science, an algorithm is a set of instructions, typically to solve a class of problems or perform a computation",
      "used_times": 0,
      "is_deleted": false,
      "created_at": "2019-09-04T23:33:00Z",
      "modified_at": "2019-09-04T23:33:31.205Z",
      "deleted_at": null
    }
  },
  {
    "model": "core.tag",
    "pk": 42,
    "fields": {
      "title": "SVG",
      "slug": "svg",
      "description": "Scalable Vector Graphics (SVG) is an XML-based vector image format for two-dimensional graphics with support for interactivity and animation",
      "used_times": 0,
      "is_deleted": false,
      "created_at": "2019-09-04T23:33:31Z",
      "modified_at": "2019-09-04T23:34:04.392Z",
      "deleted_at": null
    }
  },
  {
    "model": "core.tag",
    "pk": 43,
    "fields": {
      "title": "XML",
      "slug": "xml",
      "description": "Extensible Markup Language (XML) is a markup language that defines a set of rules for encoding documents in a format that is both human-readable and machine-readable",
      "used_times": 0,
      "is_deleted": false,
      "created_at": "2019-09-04T23:34:04Z",
      "modified_at": "2019-09-04T23:34:28.603Z",
      "deleted_at": null
    }
  },
  {
    "model": "core.tag",
    "pk": 44,
    "fields": {
      "title": "Firebase",
      "slug": "firebase",
      "description": "Firebase is Google's mobile platform that helps you quickly develop high-quality apps and grow your business.",
      "used_times": 0,
      "is_deleted": false,
      "created_at": "2019-09-04T23:34:28Z",
      "modified_at": "2019-09-04T23:34:56.419Z",
      "deleted_at": null
    }
  },
  {
    "model": "core.tag",
    "pk": 45,
    "fields": {
      "title": "JavaScript",
      "slug": "javascript",
      "description": "JavaScript is a high-level, interpreted programming language for computers. It is often run in web browser applications to create things that work by themselves like a popup message or a live clock. It is not related to the programming language Java.",
      "used_times": 1,
      "is_deleted": false,
      "created_at": "2019-09-04T23:34:56Z",
      "modified_at": "2019-09-05T22:45:13.821Z",
      "deleted_at": null
    }
  },
  {
    "model": "core.tag",
    "pk": 46,
    "fields": {
      "title": "Mocha",
      "slug": "mocha",
      "description": "Mocha is a feature-rich JavaScript test framework running on Node.js and in the browser, making asynchronous testing simple and fun",
      "used_times": 0,
      "is_deleted": false,
      "created_at": "2019-09-04T23:35:57Z",
      "modified_at": "2019-09-04T23:37:09.196Z",
      "deleted_at": null
    }
  },
  {
    "model": "core.tag",
    "pk": 47,
    "fields": {
      "title": "Jest",
      "slug": "jest",
      "description": "Jest is a delightful JavaScript Testing Framework with a focus on simplicity.  It works with projects using: Babel, TypeScript, Node, React, Angular, Vue and more!",
      "used_times": 0,
      "is_deleted": false,
      "created_at": "2019-09-04T23:37:09Z",
      "modified_at": "2019-09-04T23:37:37.095Z",
      "deleted_at": null
    }
  },
  {
    "model": "core.tag",
    "pk": 48,
    "fields": {
      "title": "Chai",
      "slug": "chai",
      "description": "Chai is a BDD / TDD assertion library for node and the browser that can be delightfully paired with any javascript testing framework.",
      "used_times": 0,
      "is_deleted": false,
      "created_at": "2019-09-04T23:37:37Z",
      "modified_at": "2019-09-04T23:37:55.087Z",
      "deleted_at": null
    }
  },
  {
    "model": "core.tag",
    "pk": 49,
    "fields": {
      "title": "React Testing Library",
      "slug": "react-testing-library",
      "description": "Simple and complete React DOM testing utilities that encourage good testing practices",
      "used_times": 0,
      "is_deleted": false,
      "created_at": "2019-09-04T23:37:55Z",
      "modified_at": "2019-09-04T23:38:22.015Z",
      "deleted_at": null
    }
  },
  {
    "model": "core.tag",
    "pk": 50,
    "fields": {
      "title": "Draft.js",
      "slug": "draft-js",
      "description": "Draft.js is a framework for building rich text editors in React, powered by an immutable model and abstracting over cross-browser differences.",
      "used_times": 0,
      "is_deleted": false,
      "created_at": "2019-09-04T23:38:22Z",
      "modified_at": "2019-09-04T23:38:43.790Z",
      "deleted_at": null
    }
  },
  {
    "model": "core.tag",
    "pk": 51,
    "fields": {
      "title": "Rollup.js",
      "slug": "rollup-js",
      "description": "Rollup is a module bundler for JavaScript which compiles small pieces of code into something larger and more complex, such as a library or application.",
      "used_times": 0,
      "is_deleted": false,
      "created_at": "2019-09-04T23:38:43Z",
      "modified_at": "2019-09-04T23:39:27.194Z",
      "deleted_at": null
    }
  },
  {
    "model": "core.tag",
    "pk": 52,
    "fields": {
      "title": "Prisma",
      "slug": "prisma",
      "description": "Prisma client simplifies database access. It lets you read and write data to your database using your favorite programming language.",
      "used_times": 0,
      "is_deleted": false,
      "created_at": "2019-09-04T23:39:27Z",
      "modified_at": "2019-09-04T23:40:19.893Z",
      "deleted_at": null
    }
  },
  {
    "model": "core.tag",
    "pk": 53,
    "fields": {
      "title": "WebRTC",
      "slug": "web-rtc",
      "description": "WebRTC is a free, open project that provides browsers and mobile applications with Real-Time Communications (RTC) capabilities via simple APIs. The WebRTC components have been optimized to best serve this purpose.",
      "used_times": 0,
      "is_deleted": false,
      "created_at": "2019-09-04T23:40:20Z",
      "modified_at": "2019-09-04T23:40:51.491Z",
      "deleted_at": null
    }
  },
  {
    "model": "core.tag",
    "pk": 54,
    "fields": {
      "title": "WebSockets",
      "slug": "websockets",
      "description": "WebSockets provide a persistent connection between a client and server that both parties can use to start sending data at any time",
      "used_times": 0,
      "is_deleted": false,
      "created_at": "2019-09-04T23:40:51Z",
      "modified_at": "2019-09-04T23:41:10.835Z",
      "deleted_at": null
    }
  },
  {
    "model": "core.tag",
    "pk": 55,
    "fields": {
      "title": "Socket.IO",
      "slug": "socket-io",
      "description": "Socket.IO enables real-time, bidirectional and event-based communication. It works on every platform, browser or device, focusing equally on reliability and speed.",
      "used_times": 0,
      "is_deleted": false,
      "created_at": "2019-09-04T23:41:11Z",
      "modified_at": "2019-09-04T23:41:30.742Z",
      "deleted_at": null
    }
  },
  {
    "model": "core.tag",
    "pk": 56,
    "fields": {
      "title": "SSR(Server-side rendering)",
      "slug": "ssr",
      "description": "Server-side rendering is the most common method for displaying information onto the screen. It works by converting HTML files in the server into usable information for the browser.",
      "used_times": 0,
      "is_deleted": false,
      "created_at": "2019-09-04T23:41:30Z",
      "modified_at": "2019-09-04T23:42:47.504Z",
      "deleted_at": null
    }
  },
  {
    "model": "core.tag",
    "pk": 57,
    "fields": {
      "title": "Bootstrap",
      "slug": "bootstrap",
      "description": "Bootstrap is a free and open-source CSS framework directed at responsive, mobile-first front-end web development. It contains CSS- and JavaScript-based design templates for typography, forms, buttons, navigation and other interface components.",
      "used_times": 0,
      "is_deleted": false,
      "created_at": "2019-09-04T23:42:47Z",
      "modified_at": "2019-09-04T23:43:29.056Z",
      "deleted_at": null
    }
  },
  {
    "model": "core.tag",
    "pk": 58,
    "fields": {
      "title": "Skeleton",
      "slug": "skeleton",
      "description": "You should use Skeleton if you're embarking on a smaller project or just don't feel like you need all the utility of larger frameworks.",
      "used_times": 0,
      "is_deleted": false,
      "created_at": "2019-09-04T23:43:29Z",
      "modified_at": "2019-09-04T23:44:09.834Z",
      "deleted_at": null
    }
  },
  {
    "model": "core.tag",
    "pk": 59,
    "fields": {
      "title": "Material-UI",
      "slug": "material-ui",
      "description": "React components for faster and easier web development. Build your own design system, or start with Material Design.",
      "used_times": 0,
      "is_deleted": false,
      "created_at": "2019-09-04T23:44:10Z",
      "modified_at": "2019-09-04T23:45:05.628Z",
      "deleted_at": null
    }
  },
  {
    "model": "core.tag",
    "pk": 60,
    "fields": {
      "title": "Semantic UI",
      "slug": "semantic-ui",
      "description": "Semantic is a development framework that helps create beautiful, responsive layouts using human-friendly HTML.",
      "used_times": 0,
      "is_deleted": false,
      "created_at": "2019-09-04T23:45:05Z",
      "modified_at": "2019-09-04T23:45:31.210Z",
      "deleted_at": null
    }
  },
  {
    "model": "core.tag",
    "pk": 61,
    "fields": {
      "title": "Ant Design",
      "slug": "ant-design",
      "description": "A design system with values of Nature and Determinacy for better user experience of enterprise applications",
      "used_times": 0,
      "is_deleted": false,
      "created_at": "2019-09-04T23:45:31Z",
      "modified_at": "2019-09-04T23:45:55.666Z",
      "deleted_at": null
    }
  },
  {
    "model": "core.tag",
    "pk": 62,
    "fields": {
      "title": "Redux",
      "slug": "redux",
      "description": "A predictable state container for JavaScript apps.",
      "used_times": 0,
      "is_deleted": false,
      "created_at": "2019-09-04T23:45:55Z",
      "modified_at": "2019-09-04T23:46:50.995Z",
      "deleted_at": null
    }
  },
  {
    "model": "core.tag",
    "pk": 63,
    "fields": {
      "title": "MobX",
      "slug": "mobx",
      "description": "Simple, scalable state management",
      "used_times": 0,
      "is_deleted": false,
      "created_at": "2019-09-04T23:46:51Z",
      "modified_at": "2019-09-04T23:47:18.048Z",
      "deleted_at": null
    }
  },
  {
    "model": "core.tag",
    "pk": 64,
    "fields": {
      "title": "Animation",
      "slug": "animation",
      "description": "Animation",
      "used_times": 0,
      "is_deleted": false,
      "created_at": "2019-09-04T23:47:18Z",
      "modified_at": "2019-09-04T23:47:43.351Z",
      "deleted_at": null
    }
  },
  {
    "model": "core.tag",
    "pk": 65,
    "fields": {
      "title": "Transition",
      "slug": "transition",
      "description": "Transition",
      "used_times": 0,
      "is_deleted": false,
      "created_at": "2019-09-04T23:47:43Z",
      "modified_at": "2019-09-04T23:47:54.855Z",
      "deleted_at": null
    }
  },
  {
    "model": "core.tag",
    "pk": 66,
    "fields": {
      "title": "Canvas",
      "slug": "html5-canvas",
      "description": "HTML5 Canvas",
      "used_times": 0,
      "is_deleted": false,
      "created_at": "2019-09-04T23:47:55Z",
      "modified_at": "2019-09-04T23:48:14.558Z",
      "deleted_at": null
    }
  },
  {
    "model": "core.tag",
    "pk": 67,
    "fields": {
      "title": "Service worker",
      "slug": "service-worker",
      "description": "A service worker is a JavaScript file that operates as a type of web worker. They work separately from the main browser thread to handle push notifications, synchronize data in the background, cache or retrieve resource requests, intercept network request",
      "used_times": 0,
      "is_deleted": false,
      "created_at": "2019-09-04T23:48:14Z",
      "modified_at": "2019-09-04T23:49:42.696Z",
      "deleted_at": null
    }
  },
  {
    "model": "core.tag",
    "pk": 68,
    "fields": {
      "title": "PWA",
      "slug": "pwa",
      "description": "Progressive web applications (PWAs) are a type of mobile app delivered through the web, built using common web technologies including HTML, CSS and JavaScript.",
      "used_times": 0,
      "is_deleted": false,
      "created_at": "2019-09-04T23:49:42Z",
      "modified_at": "2019-09-04T23:50:21.948Z",
      "deleted_at": null
    }
  },
  {
    "model": "core.tag",
    "pk": 69,
    "fields": {
      "title": "React Router",
      "slug": "react-router",
      "description": "Declerative Routing for React.js",
      "used_times": 0,
      "is_deleted": false,
      "created_at": "2019-09-04T23:50:22Z",
      "modified_at": "2019-09-04T23:51:06.557Z",
      "deleted_at": null
    }
  },
  {
    "model": "core.tag",
    "pk": 70,
    "fields": {
      "title": "CSS-in-JS",
      "slug": "css-in-js",
      "description": "CSS-in-JS refers to a collection of ideas to solve complex problems with CSS",
      "used_times": 0,
      "is_deleted": false,
      "created_at": "2019-09-04T23:51:06Z",
      "modified_at": "2019-09-04T23:52:24.798Z",
      "deleted_at": null
    }
  },
  {
    "model": "core.tag",
    "pk": 71,
    "fields": {
      "title": "Styled Components",
      "slug": "styled-components",
      "description": "Visual primitives for the component age. Use the best bits of ES6 and CSS to style your apps without stress",
      "used_times": 0,
      "is_deleted": false,
      "created_at": "2019-09-04T23:52:24Z",
      "modified_at": "2019-09-04T23:52:50.806Z",
      "deleted_at": null
    }
  },
  {
    "model": "core.tag",
    "pk": 72,
    "fields": {
      "title": "Redux Saga",
      "slug": "redux-saga",
      "description": "Redux-saga is a redux middleware library, that is designed to make handling side effects in your redux app nice and simple. It achieves this by leveraging an ES6 feature called Generators.",
      "used_times": 0,
      "is_deleted": false,
      "created_at": "2019-09-04T23:58:28Z",
      "modified_at": "2019-09-04T23:58:58.202Z",
      "deleted_at": null
    }
  },
  {
    "model": "core.tag",
    "pk": 73,
    "fields": {
      "title": "Redux Thunk",
      "slug": "redux-thunk",
      "description": "Thunk middleware for Redux.",
      "used_times": 0,
      "is_deleted": false,
      "created_at": "2019-09-04T23:58:58Z",
      "modified_at": "2019-09-04T23:59:39.113Z",
      "deleted_at": null
    }
  },
  {
    "model": "core.tag",
    "pk": 74,
    "fields": {
      "title": "Formik",
      "slug": "formik",
      "description": "Build forms in React, without the tears.",
      "used_times": 0,
      "is_deleted": false,
      "created_at": "2019-09-04T23:59:39Z",
      "modified_at": "2019-09-05T00:00:21.789Z",
      "deleted_at": null
    }
  },
  {
    "model": "core.tag",
    "pk": 75,
    "fields": {
      "title": "Downshift",
      "slug": "downshift",
      "description": "Primitive to build simple, flexible, WAI-ARIA compliant enhanced input React components",
      "used_times": 0,
      "is_deleted": false,
      "created_at": "2019-09-05T00:00:21Z",
      "modified_at": "2019-09-05T00:00:46.782Z",
      "deleted_at": null
    }
  },
  {
    "model": "core.tag",
    "pk": 76,
    "fields": {
      "title": "WebComponents",
      "slug": "web-components",
      "description": "Web components are a set of web platform APIs that allow you to create new custom, reusable, encapsulated HTML tags to use in web pages and web apps",
      "used_times": 0,
      "is_deleted": false,
      "created_at": "2019-09-05T00:00:46Z",
      "modified_at": "2019-09-05T00:01:20.285Z",
      "deleted_at": null
    }
  },
  {
    "model": "core.tag",
    "pk": 77,
    "fields": {
      "title": "Intersection Observer API",
      "slug": "intersection-observer-api",
      "description": "The Intersection Observer API provides a way to asynchronously observe changes in the intersection of a target element with an ancestor element or with a top-level document's viewport.",
      "used_times": 0,
      "is_deleted": false,
      "created_at": "2019-09-05T00:01:20Z",
      "modified_at": "2019-09-05T00:02:16.063Z",
      "deleted_at": null
    }
  },
  {
    "model": "core.tag",
    "pk": 78,
    "fields": {
      "title": "Web Audio API",
      "slug": "web-audio-api",
      "description": "The Web Audio API provides a powerful and versatile system for controlling audio on the Web, allowing developers to choose audio sources, add effects to audio, create audio visualizations, apply spatial effects (such as panning) and much more.",
      "used_times": 0,
      "is_deleted": false,
      "created_at": "2019-09-05T00:02:16Z",
      "modified_at": "2019-09-05T00:02:47.280Z",
      "deleted_at": null
    }
  },
  {
    "model": "core.tag",
    "pk": 79,
    "fields": {
      "title": "HTML5 Video",
      "slug": "html5-video",
      "description": "Before HTML5, a video could only be played in a browser with a plug-in (like flash).  The HTML5 <video> element specifies a standard way to embed a video in a web page.",
      "used_times": 0,
      "is_deleted": false,
      "created_at": "2019-09-05T00:02:47Z",
      "modified_at": "2019-09-05T00:03:26.710Z",
      "deleted_at": null
    }
  },
  {
    "model": "core.tag",
    "pk": 80,
    "fields": {
      "title": "Video.js",
      "slug": "video-js",
      "description": "HTML5 based video player.Built by the community, used by the professionals...",
      "used_times": 0,
      "is_deleted": false,
      "created_at": "2019-09-05T00:03:26Z",
      "modified_at": "2019-09-05T00:03:59.365Z",
      "deleted_at": null
    }
  },
  {
    "model": "core.tag",
    "pk": 81,
    "fields": {
      "title": "Zurb Foundation",
      "slug": "zurb-foundation",
      "description": "The most advanced responsive front-end framework in the world.",
      "used_times": 0,
      "is_deleted": false,
      "created_at": "2019-09-05T00:04:46Z",
      "modified_at": "2019-09-05T00:05:05.694Z",
      "deleted_at": null
    }
  },
  {
    "model": "core.tag",
    "pk": 82,
    "fields": {
      "title": "Gulp",
      "slug": "gulp",
      "description": "gulp is a toolkit for automating painful or time-consuming tasks in your development workflow, so you can stop messing around and build something.",
      "used_times": 0,
      "is_deleted": false,
      "created_at": "2019-09-05T00:05:05Z",
      "modified_at": "2019-09-05T00:05:35.697Z",
      "deleted_at": null
    }
  },
  {
    "model": "core.tag",
    "pk": 83,
    "fields": {
      "title": "Grunt",
      "slug": "grunt",
      "description": "runt is a JavaScript task runner, a tool used to automatically perform frequent tasks such as minification, compilation, unit testing, and linting",
      "used_times": 0,
      "is_deleted": false,
      "created_at": "2019-09-05T00:05:37Z",
      "modified_at": "2019-09-05T00:06:10.396Z",
      "deleted_at": null
    }
  },
  {
    "model": "core.tag",
    "pk": 84,
    "fields": {
      "title": "ESLint",
      "slug": "eslint",
      "description": "ESLint is an open source project originally created by Nicholas C. Zakas in June 2013. Its goal is to provide a pluggable linting utility for JavaScript.",
      "used_times": 0,
      "is_deleted": false,
      "created_at": "2019-09-05T00:06:10Z",
      "modified_at": "2019-09-05T00:06:33.102Z",
      "deleted_at": null
    }
  },
  {
    "model": "core.tag",
    "pk": 85,
    "fields": {
      "title": "Functional Programming",
      "slug": "functional-programming",
      "description": "- Functional programming (often abbreviated FP) is the process of building software by composing pure functions, avoiding shared state, mutable data, and side-effects.",
      "used_times": 0,
      "is_deleted": false,
      "created_at": "2019-09-05T00:06:33Z",
      "modified_at": "2019-09-05T00:07:24.263Z",
      "deleted_at": null
    }
  },
  {
    "model": "core.tag",
    "pk": 86,
    "fields": {
      "title": "OOP",
      "slug": "object-oriented-programming",
      "description": "Object-oriented programming (OOP) refers to a type of computer programming (software design) in which programmers define not only the data type of a data structure, but also the types of operations (functions) that can be applied to the data structure.",
      "used_times": 0,
      "is_deleted": false,
      "created_at": "2019-09-05T00:07:24Z",
      "modified_at": "2019-09-05T00:08:03.581Z",
      "deleted_at": null
    }
  },
  {
    "model": "sites.site",
    "pk": 1,
    "fields": {
      "domain": "example.com",
      "name": "example.com"
    }
  },
  {
    "model": "auth.permission",
    "pk": 1,
    "fields": {
      "name": "Can add log entry",
      "content_type": 1,
      "codename": "add_logentry"
    }
  },
  {
    "model": "auth.permission",
    "pk": 2,
    "fields": {
      "name": "Can change log entry",
      "content_type": 1,
      "codename": "change_logentry"
    }
  },
  {
    "model": "auth.permission",
    "pk": 3,
    "fields": {
      "name": "Can delete log entry",
      "content_type": 1,
      "codename": "delete_logentry"
    }
  },
  {
    "model": "auth.permission",
    "pk": 4,
    "fields": {
      "name": "Can view log entry",
      "content_type": 1,
      "codename": "view_logentry"
    }
  },
  {
    "model": "auth.permission",
    "pk": 5,
    "fields": {
      "name": "Can add permission",
      "content_type": 2,
      "codename": "add_permission"
    }
  },
  {
    "model": "auth.permission",
    "pk": 6,
    "fields": {
      "name": "Can change permission",
      "content_type": 2,
      "codename": "change_permission"
    }
  },
  {
    "model": "auth.permission",
    "pk": 7,
    "fields": {
      "name": "Can delete permission",
      "content_type": 2,
      "codename": "delete_permission"
    }
  },
  {
    "model": "auth.permission",
    "pk": 8,
    "fields": {
      "name": "Can view permission",
      "content_type": 2,
      "codename": "view_permission"
    }
  },
  {
    "model": "auth.permission",
    "pk": 9,
    "fields": {
      "name": "Can add group",
      "content_type": 3,
      "codename": "add_group"
    }
  },
  {
    "model": "auth.permission",
    "pk": 10,
    "fields": {
      "name": "Can change group",
      "content_type": 3,
      "codename": "change_group"
    }
  },
  {
    "model": "auth.permission",
    "pk": 11,
    "fields": {
      "name": "Can delete group",
      "content_type": 3,
      "codename": "delete_group"
    }
  },
  {
    "model": "auth.permission",
    "pk": 12,
    "fields": {
      "name": "Can view group",
      "content_type": 3,
      "codename": "view_group"
    }
  },
  {
    "model": "auth.permission",
    "pk": 13,
    "fields": {
      "name": "Can add content type",
      "content_type": 4,
      "codename": "add_contenttype"
    }
  },
  {
    "model": "auth.permission",
    "pk": 14,
    "fields": {
      "name": "Can change content type",
      "content_type": 4,
      "codename": "change_contenttype"
    }
  },
  {
    "model": "auth.permission",
    "pk": 15,
    "fields": {
      "name": "Can delete content type",
      "content_type": 4,
      "codename": "delete_contenttype"
    }
  },
  {
    "model": "auth.permission",
    "pk": 16,
    "fields": {
      "name": "Can view content type",
      "content_type": 4,
      "codename": "view_contenttype"
    }
  },
  {
    "model": "auth.permission",
    "pk": 17,
    "fields": {
      "name": "Can add session",
      "content_type": 5,
      "codename": "add_session"
    }
  },
  {
    "model": "auth.permission",
    "pk": 18,
    "fields": {
      "name": "Can change session",
      "content_type": 5,
      "codename": "change_session"
    }
  },
  {
    "model": "auth.permission",
    "pk": 19,
    "fields": {
      "name": "Can delete session",
      "content_type": 5,
      "codename": "delete_session"
    }
  },
  {
    "model": "auth.permission",
    "pk": 20,
    "fields": {
      "name": "Can view session",
      "content_type": 5,
      "codename": "view_session"
    }
  },
  {
    "model": "auth.permission",
    "pk": 21,
    "fields": {
      "name": "Can add user",
      "content_type": 6,
      "codename": "add_user"
    }
  },
  {
    "model": "auth.permission",
    "pk": 22,
    "fields": {
      "name": "Can change user",
      "content_type": 6,
      "codename": "change_user"
    }
  },
  {
    "model": "auth.permission",
    "pk": 23,
    "fields": {
      "name": "Can delete user",
      "content_type": 6,
      "codename": "delete_user"
    }
  },
  {
    "model": "auth.permission",
    "pk": 24,
    "fields": {
      "name": "Can view user",
      "content_type": 6,
      "codename": "view_user"
    }
  },
  {
    "model": "auth.permission",
    "pk": 25,
    "fields": {
      "name": "Can add answer",
      "content_type": 7,
      "codename": "add_answer"
    }
  },
  {
    "model": "auth.permission",
    "pk": 26,
    "fields": {
      "name": "Can change answer",
      "content_type": 7,
      "codename": "change_answer"
    }
  },
  {
    "model": "auth.permission",
    "pk": 27,
    "fields": {
      "name": "Can delete answer",
      "content_type": 7,
      "codename": "delete_answer"
    }
  },
  {
    "model": "auth.permission",
    "pk": 28,
    "fields": {
      "name": "Can view answer",
      "content_type": 7,
      "codename": "view_answer"
    }
  },
  {
    "model": "auth.permission",
    "pk": 29,
    "fields": {
      "name": "Can add answer comment",
      "content_type": 8,
      "codename": "add_answercomment"
    }
  },
  {
    "model": "auth.permission",
    "pk": 30,
    "fields": {
      "name": "Can change answer comment",
      "content_type": 8,
      "codename": "change_answercomment"
    }
  },
  {
    "model": "auth.permission",
    "pk": 31,
    "fields": {
      "name": "Can delete answer comment",
      "content_type": 8,
      "codename": "delete_answercomment"
    }
  },
  {
    "model": "auth.permission",
    "pk": 32,
    "fields": {
      "name": "Can view answer comment",
      "content_type": 8,
      "codename": "view_answercomment"
    }
  },
  {
    "model": "auth.permission",
    "pk": 33,
    "fields": {
      "name": "Can add answer comment report",
      "content_type": 9,
      "codename": "add_answercommentreport"
    }
  },
  {
    "model": "auth.permission",
    "pk": 34,
    "fields": {
      "name": "Can change answer comment report",
      "content_type": 9,
      "codename": "change_answercommentreport"
    }
  },
  {
    "model": "auth.permission",
    "pk": 35,
    "fields": {
      "name": "Can delete answer comment report",
      "content_type": 9,
      "codename": "delete_answercommentreport"
    }
  },
  {
    "model": "auth.permission",
    "pk": 36,
    "fields": {
      "name": "Can view answer comment report",
      "content_type": 9,
      "codename": "view_answercommentreport"
    }
  },
  {
    "model": "auth.permission",
    "pk": 37,
    "fields": {
      "name": "Can add answer comment vote",
      "content_type": 10,
      "codename": "add_answercommentvote"
    }
  },
  {
    "model": "auth.permission",
    "pk": 38,
    "fields": {
      "name": "Can change answer comment vote",
      "content_type": 10,
      "codename": "change_answercommentvote"
    }
  },
  {
    "model": "auth.permission",
    "pk": 39,
    "fields": {
      "name": "Can delete answer comment vote",
      "content_type": 10,
      "codename": "delete_answercommentvote"
    }
  },
  {
    "model": "auth.permission",
    "pk": 40,
    "fields": {
      "name": "Can view answer comment vote",
      "content_type": 10,
      "codename": "view_answercommentvote"
    }
  },
  {
    "model": "auth.permission",
    "pk": 41,
    "fields": {
      "name": "Can add answer report",
      "content_type": 11,
      "codename": "add_answerreport"
    }
  },
  {
    "model": "auth.permission",
    "pk": 42,
    "fields": {
      "name": "Can change answer report",
      "content_type": 11,
      "codename": "change_answerreport"
    }
  },
  {
    "model": "auth.permission",
    "pk": 43,
    "fields": {
      "name": "Can delete answer report",
      "content_type": 11,
      "codename": "delete_answerreport"
    }
  },
  {
    "model": "auth.permission",
    "pk": 44,
    "fields": {
      "name": "Can view answer report",
      "content_type": 11,
      "codename": "view_answerreport"
    }
  },
  {
    "model": "auth.permission",
    "pk": 45,
    "fields": {
      "name": "Can add answer vote",
      "content_type": 12,
      "codename": "add_answervote"
    }
  },
  {
    "model": "auth.permission",
    "pk": 46,
    "fields": {
      "name": "Can change answer vote",
      "content_type": 12,
      "codename": "change_answervote"
    }
  },
  {
    "model": "auth.permission",
    "pk": 47,
    "fields": {
      "name": "Can delete answer vote",
      "content_type": 12,
      "codename": "delete_answervote"
    }
  },
  {
    "model": "auth.permission",
    "pk": 48,
    "fields": {
      "name": "Can view answer vote",
      "content_type": 12,
      "codename": "view_answervote"
    }
  },
  {
    "model": "auth.permission",
    "pk": 49,
    "fields": {
      "name": "Can add editor",
      "content_type": 13,
      "codename": "add_editor"
    }
  },
  {
    "model": "auth.permission",
    "pk": 50,
    "fields": {
      "name": "Can change editor",
      "content_type": 13,
      "codename": "change_editor"
    }
  },
  {
    "model": "auth.permission",
    "pk": 51,
    "fields": {
      "name": "Can delete editor",
      "content_type": 13,
      "codename": "delete_editor"
    }
  },
  {
    "model": "auth.permission",
    "pk": 52,
    "fields": {
      "name": "Can view editor",
      "content_type": 13,
      "codename": "view_editor"
    }
  },
  {
    "model": "auth.permission",
    "pk": 53,
    "fields": {
      "name": "Can add private upload",
      "content_type": 14,
      "codename": "add_privateupload"
    }
  },
  {
    "model": "auth.permission",
    "pk": 54,
    "fields": {
      "name": "Can change private upload",
      "content_type": 14,
      "codename": "change_privateupload"
    }
  },
  {
    "model": "auth.permission",
    "pk": 55,
    "fields": {
      "name": "Can delete private upload",
      "content_type": 14,
      "codename": "delete_privateupload"
    }
  },
  {
    "model": "auth.permission",
    "pk": 56,
    "fields": {
      "name": "Can view private upload",
      "content_type": 14,
      "codename": "view_privateupload"
    }
  },
  {
    "model": "auth.permission",
    "pk": 57,
    "fields": {
      "name": "Can add question",
      "content_type": 15,
      "codename": "add_question"
    }
  },
  {
    "model": "auth.permission",
    "pk": 58,
    "fields": {
      "name": "Can change question",
      "content_type": 15,
      "codename": "change_question"
    }
  },
  {
    "model": "auth.permission",
    "pk": 59,
    "fields": {
      "name": "Can delete question",
      "content_type": 15,
      "codename": "delete_question"
    }
  },
  {
    "model": "auth.permission",
    "pk": 60,
    "fields": {
      "name": "Can view question",
      "content_type": 15,
      "codename": "view_question"
    }
  },
  {
    "model": "auth.permission",
    "pk": 61,
    "fields": {
      "name": "Can add question comment",
      "content_type": 16,
      "codename": "add_questioncomment"
    }
  },
  {
    "model": "auth.permission",
    "pk": 62,
    "fields": {
      "name": "Can change question comment",
      "content_type": 16,
      "codename": "change_questioncomment"
    }
  },
  {
    "model": "auth.permission",
    "pk": 63,
    "fields": {
      "name": "Can delete question comment",
      "content_type": 16,
      "codename": "delete_questioncomment"
    }
  },
  {
    "model": "auth.permission",
    "pk": 64,
    "fields": {
      "name": "Can view question comment",
      "content_type": 16,
      "codename": "view_questioncomment"
    }
  },
  {
    "model": "auth.permission",
    "pk": 65,
    "fields": {
      "name": "Can add question comment report",
      "content_type": 17,
      "codename": "add_questioncommentreport"
    }
  },
  {
    "model": "auth.permission",
    "pk": 66,
    "fields": {
      "name": "Can change question comment report",
      "content_type": 17,
      "codename": "change_questioncommentreport"
    }
  },
  {
    "model": "auth.permission",
    "pk": 67,
    "fields": {
      "name": "Can delete question comment report",
      "content_type": 17,
      "codename": "delete_questioncommentreport"
    }
  },
  {
    "model": "auth.permission",
    "pk": 68,
    "fields": {
      "name": "Can view question comment report",
      "content_type": 17,
      "codename": "view_questioncommentreport"
    }
  },
  {
    "model": "auth.permission",
    "pk": 69,
    "fields": {
      "name": "Can add question comment vote",
      "content_type": 18,
      "codename": "add_questioncommentvote"
    }
  },
  {
    "model": "auth.permission",
    "pk": 70,
    "fields": {
      "name": "Can change question comment vote",
      "content_type": 18,
      "codename": "change_questioncommentvote"
    }
  },
  {
    "model": "auth.permission",
    "pk": 71,
    "fields": {
      "name": "Can delete question comment vote",
      "content_type": 18,
      "codename": "delete_questioncommentvote"
    }
  },
  {
    "model": "auth.permission",
    "pk": 72,
    "fields": {
      "name": "Can view question comment vote",
      "content_type": 18,
      "codename": "view_questioncommentvote"
    }
  },
  {
    "model": "auth.permission",
    "pk": 73,
    "fields": {
      "name": "Can add question report",
      "content_type": 19,
      "codename": "add_questionreport"
    }
  },
  {
    "model": "auth.permission",
    "pk": 74,
    "fields": {
      "name": "Can change question report",
      "content_type": 19,
      "codename": "change_questionreport"
    }
  },
  {
    "model": "auth.permission",
    "pk": 75,
    "fields": {
      "name": "Can delete question report",
      "content_type": 19,
      "codename": "delete_questionreport"
    }
  },
  {
    "model": "auth.permission",
    "pk": 76,
    "fields": {
      "name": "Can view question report",
      "content_type": 19,
      "codename": "view_questionreport"
    }
  },
  {
    "model": "auth.permission",
    "pk": 77,
    "fields": {
      "name": "Can add question vote",
      "content_type": 20,
      "codename": "add_questionvote"
    }
  },
  {
    "model": "auth.permission",
    "pk": 78,
    "fields": {
      "name": "Can change question vote",
      "content_type": 20,
      "codename": "change_questionvote"
    }
  },
  {
    "model": "auth.permission",
    "pk": 79,
    "fields": {
      "name": "Can delete question vote",
      "content_type": 20,
      "codename": "delete_questionvote"
    }
  },
  {
    "model": "auth.permission",
    "pk": 80,
    "fields": {
      "name": "Can view question vote",
      "content_type": 20,
      "codename": "view_questionvote"
    }
  },
  {
    "model": "auth.permission",
    "pk": 81,
    "fields": {
      "name": "Can add subscriber",
      "content_type": 21,
      "codename": "add_subscriber"
    }
  },
  {
    "model": "auth.permission",
    "pk": 82,
    "fields": {
      "name": "Can change subscriber",
      "content_type": 21,
      "codename": "change_subscriber"
    }
  },
  {
    "model": "auth.permission",
    "pk": 83,
    "fields": {
      "name": "Can delete subscriber",
      "content_type": 21,
      "codename": "delete_subscriber"
    }
  },
  {
    "model": "auth.permission",
    "pk": 84,
    "fields": {
      "name": "Can view subscriber",
      "content_type": 21,
      "codename": "view_subscriber"
    }
  },
  {
    "model": "auth.permission",
    "pk": 85,
    "fields": {
      "name": "Can add tag",
      "content_type": 22,
      "codename": "add_tag"
    }
  },
  {
    "model": "auth.permission",
    "pk": 86,
    "fields": {
      "name": "Can change tag",
      "content_type": 22,
      "codename": "change_tag"
    }
  },
  {
    "model": "auth.permission",
    "pk": 87,
    "fields": {
      "name": "Can delete tag",
      "content_type": 22,
      "codename": "delete_tag"
    }
  },
  {
    "model": "auth.permission",
    "pk": 88,
    "fields": {
      "name": "Can view tag",
      "content_type": 22,
      "codename": "view_tag"
    }
  },
  {
    "model": "auth.permission",
    "pk": 89,
    "fields": {
      "name": "Can add upload",
      "content_type": 23,
      "codename": "add_upload"
    }
  },
  {
    "model": "auth.permission",
    "pk": 90,
    "fields": {
      "name": "Can change upload",
      "content_type": 23,
      "codename": "change_upload"
    }
  },
  {
    "model": "auth.permission",
    "pk": 91,
    "fields": {
      "name": "Can delete upload",
      "content_type": 23,
      "codename": "delete_upload"
    }
  },
  {
    "model": "auth.permission",
    "pk": 92,
    "fields": {
      "name": "Can view upload",
      "content_type": 23,
      "codename": "view_upload"
    }
  },
  {
    "model": "auth.permission",
    "pk": 93,
    "fields": {
      "name": "Can add Token",
      "content_type": 24,
      "codename": "add_token"
    }
  },
  {
    "model": "auth.permission",
    "pk": 94,
    "fields": {
      "name": "Can change Token",
      "content_type": 24,
      "codename": "change_token"
    }
  },
  {
    "model": "auth.permission",
    "pk": 95,
    "fields": {
      "name": "Can delete Token",
      "content_type": 24,
      "codename": "delete_token"
    }
  },
  {
    "model": "auth.permission",
    "pk": 96,
    "fields": {
      "name": "Can view Token",
      "content_type": 24,
      "codename": "view_token"
    }
  },
  {
    "model": "auth.permission",
    "pk": 97,
    "fields": {
      "name": "Can add site",
      "content_type": 25,
      "codename": "add_site"
    }
  },
  {
    "model": "auth.permission",
    "pk": 98,
    "fields": {
      "name": "Can change site",
      "content_type": 25,
      "codename": "change_site"
    }
  },
  {
    "model": "auth.permission",
    "pk": 99,
    "fields": {
      "name": "Can delete site",
      "content_type": 25,
      "codename": "delete_site"
    }
  },
  {
    "model": "auth.permission",
    "pk": 100,
    "fields": {
      "name": "Can view site",
      "content_type": 25,
      "codename": "view_site"
    }
  },
  {
    "model": "auth.permission",
    "pk": 101,
    "fields": {
      "name": "Can add email address",
      "content_type": 26,
      "codename": "add_emailaddress"
    }
  },
  {
    "model": "auth.permission",
    "pk": 102,
    "fields": {
      "name": "Can change email address",
      "content_type": 26,
      "codename": "change_emailaddress"
    }
  },
  {
    "model": "auth.permission",
    "pk": 103,
    "fields": {
      "name": "Can delete email address",
      "content_type": 26,
      "codename": "delete_emailaddress"
    }
  },
  {
    "model": "auth.permission",
    "pk": 104,
    "fields": {
      "name": "Can view email address",
      "content_type": 26,
      "codename": "view_emailaddress"
    }
  },
  {
    "model": "auth.permission",
    "pk": 105,
    "fields": {
      "name": "Can add email confirmation",
      "content_type": 27,
      "codename": "add_emailconfirmation"
    }
  },
  {
    "model": "auth.permission",
    "pk": 106,
    "fields": {
      "name": "Can change email confirmation",
      "content_type": 27,
      "codename": "change_emailconfirmation"
    }
  },
  {
    "model": "auth.permission",
    "pk": 107,
    "fields": {
      "name": "Can delete email confirmation",
      "content_type": 27,
      "codename": "delete_emailconfirmation"
    }
  },
  {
    "model": "auth.permission",
    "pk": 108,
    "fields": {
      "name": "Can view email confirmation",
      "content_type": 27,
      "codename": "view_emailconfirmation"
    }
  },
  {
    "model": "auth.permission",
    "pk": 109,
    "fields": {
      "name": "Can add social account",
      "content_type": 28,
      "codename": "add_socialaccount"
    }
  },
  {
    "model": "auth.permission",
    "pk": 110,
    "fields": {
      "name": "Can change social account",
      "content_type": 28,
      "codename": "change_socialaccount"
    }
  },
  {
    "model": "auth.permission",
    "pk": 111,
    "fields": {
      "name": "Can delete social account",
      "content_type": 28,
      "codename": "delete_socialaccount"
    }
  },
  {
    "model": "auth.permission",
    "pk": 112,
    "fields": {
      "name": "Can view social account",
      "content_type": 28,
      "codename": "view_socialaccount"
    }
  },
  {
    "model": "auth.permission",
    "pk": 113,
    "fields": {
      "name": "Can add social application",
      "content_type": 29,
      "codename": "add_socialapp"
    }
  },
  {
    "model": "auth.permission",
    "pk": 114,
    "fields": {
      "name": "Can change social application",
      "content_type": 29,
      "codename": "change_socialapp"
    }
  },
  {
    "model": "auth.permission",
    "pk": 115,
    "fields": {
      "name": "Can delete social application",
      "content_type": 29,
      "codename": "delete_socialapp"
    }
  },
  {
    "model": "auth.permission",
    "pk": 116,
    "fields": {
      "name": "Can view social application",
      "content_type": 29,
      "codename": "view_socialapp"
    }
  },
  {
    "model": "auth.permission",
    "pk": 117,
    "fields": {
      "name": "Can add social application token",
      "content_type": 30,
      "codename": "add_socialtoken"
    }
  },
  {
    "model": "auth.permission",
    "pk": 118,
    "fields": {
      "name": "Can change social application token",
      "content_type": 30,
      "codename": "change_socialtoken"
    }
  },
  {
    "model": "auth.permission",
    "pk": 119,
    "fields": {
      "name": "Can delete social application token",
      "content_type": 30,
      "codename": "delete_socialtoken"
    }
  },
  {
    "model": "auth.permission",
    "pk": 120,
    "fields": {
      "name": "Can view social application token",
      "content_type": 30,
      "codename": "view_socialtoken"
    }
  },
  {
    "model": "auth.permission",
    "pk": 121,
    "fields": {
      "name": "Can add notification",
      "content_type": 31,
      "codename": "add_notification"
    }
  },
  {
    "model": "auth.permission",
    "pk": 122,
    "fields": {
      "name": "Can change notification",
      "content_type": 31,
      "codename": "change_notification"
    }
  },
  {
    "model": "auth.permission",
    "pk": 123,
    "fields": {
      "name": "Can delete notification",
      "content_type": 31,
      "codename": "delete_notification"
    }
  },
  {
    "model": "auth.permission",
    "pk": 124,
    "fields": {
      "name": "Can view notification",
      "content_type": 31,
      "codename": "view_notification"
    }
  },
  {
    "model": "core.user",
    "pk": 1,
    "fields": {
      "last_login": "2019-09-09T04:07:43.248Z",
      "is_superuser": true,
      "first_name": "",
      "last_name": "",
      "is_staff": true,
      "is_active": true,
      "date_joined": "2019-08-26T00:45:04Z",
      "email": "zivanovic.b1@hotmail.com",
      "username": "hg",
      "password": "pbkdf2_sha256$120000$OnVmKE0JmkPL$VwZSTvFTCDKE2tDOqOOvsJMb5goFifxbszyqcLgE410=",
      "full_name": "Branko Zivanovic",
      "avatar": "ja-black_Ip7gmOV.jpeg",
      "headline": null,
      "biography": "Making codeleak \ud83d\ude80 \nFull-Stack web developer \ud83d\udcbb",
      "website_url": null,
      "cv_url": null,
      "twitter_username": "branunnaki",
      "github_username": "zivanovicb1",
      "company": null,
      "company_headquarters": null,
      "role_in_company": null,
      "location": "Belgrade, Serbia",
      "gender": null,
      "birth": null,
      "student": false,
      "looking_for_job": false,
      "reputation": 180,
      "reputation_this_week": 180,
      "reported_times": 0,
      "created_at": "2019-08-26T00:45:04.377Z",
      "modified_at": "2019-09-09T04:09:48.087Z",
      "groups": [],
      "user_permissions": []
    }
  },
  {
    "model": "core.user",
    "pk": 2,
    "fields": {
      "last_login": "2019-09-16T12:59:27.119Z",
      "is_superuser": true,
      "first_name": "",
      "last_name": "",
      "is_staff": true,
      "is_active": true,
      "date_joined": "2019-08-26T00:45:17Z",
      "email": "boyan93@gmail.com",
      "username": "milicev",
      "password": "pbkdf2_sha256$120000$ZHa9O47xsmgH$DNYPcqCdSG323uH4Jy6s38D/RyHea7lwUItdBWYFT0M=",
      "full_name": "Bojan Milicev",
      "avatar": "cvecar_F8syUY6.jpg",
      "headline": null,
      "biography": "Front-End Developer, doing React most of the time.",
      "website_url": "http://milepaor.in.rs",
      "cv_url": null,
      "twitter_username": null,
      "github_username": "https://github.com/MilePaor",
      "company": null,
      "company_headquarters": null,
      "role_in_company": null,
      "location": "Belgrade, Serbia",
      "gender": null,
      "birth": null,
      "student": false,
      "looking_for_job": true,
      "reputation": 0,
      "reputation_this_week": 0,
      "reported_times": 0,
      "created_at": "2019-08-26T00:45:17.143Z",
      "modified_at": "2019-09-09T04:06:38.662Z",
      "groups": [],
      "user_permissions": []
    }
  },
  {
    "model": "core.user",
    "pk": 3,
    "fields": {
      "last_login": "2019-09-09T04:20:49.210Z",
      "is_superuser": false,
      "first_name": "",
      "last_name": "",
      "is_staff": false,
      "is_active": true,
      "date_joined": "2019-09-04T21:30:39.269Z",
      "email": "rastkorakocevic@gmail.com",
      "username": "rastko",
      "password": "pbkdf2_sha256$120000$zxc7QX9J6IbT$fdtADHUU8t7oYXSNujERixeo3tVv5WXWzLhttjeEmCA=",
      "full_name": "Rastko Rakocevic",
      "avatar": "47585611_646955259035824_4916858187741544408_n.jpg",
      "headline": null,
      "biography": null,
      "website_url": null,
      "cv_url": null,
      "twitter_username": null,
      "github_username": null,
      "company": null,
      "company_headquarters": null,
      "role_in_company": null,
      "location": null,
      "gender": null,
      "birth": null,
      "student": false,
      "looking_for_job": false,
      "reputation": 0,
      "reputation_this_week": 0,
      "reported_times": 0,
      "created_at": "2019-09-04T21:30:39.269Z",
      "modified_at": "2019-09-04T21:31:12.952Z",
      "groups": [],
      "user_permissions": []
    }
  },
  {
    "model": "core.user",
    "pk": 4,
    "fields": {
      "last_login": "2019-09-05T20:31:51.277Z",
      "is_superuser": false,
      "first_name": "",
      "last_name": "",
      "is_staff": false,
      "is_active": true,
      "date_joined": "2019-09-05T20:31:51.179Z",
      "email": "zlinindza@gmail.com",
      "username": "Tumelo15",
      "password": "pbkdf2_sha256$120000$Ql6cJ4vqT0JG$cQmO8drBcdpjEXQUWKAnxC43IauUBbLzt0nuw/tyYss=",
      "full_name": "Tumelo Joshi",
      "avatar": "59493250_1170594626452341_949062711558275072_n_daLYz9v.jpg",
      "headline": null,
      "biography": "An ordinary guy",
      "website_url": null,
      "cv_url": null,
      "twitter_username": null,
      "github_username": null,
      "company": null,
      "company_headquarters": null,
      "role_in_company": null,
      "location": "Eindhoven",
      "gender": null,
      "birth": null,
      "student": false,
      "looking_for_job": false,
      "reputation": 0,
      "reputation_this_week": 0,
      "reported_times": 0,
      "created_at": "2019-09-05T20:31:51.179Z",
      "modified_at": "2019-09-05T20:33:49.281Z",
      "groups": [],
      "user_permissions": []
    }
  },
  {
    "model": "core.user",
    "pk": 5,
    "fields": {
      "last_login": "2019-09-05T20:52:53.347Z",
      "is_superuser": false,
      "first_name": "",
      "last_name": "",
      "is_staff": false,
      "is_active": true,
      "date_joined": "2019-09-05T20:52:53.255Z",
      "email": "juniquepillows@gmail.com",
      "username": "S\u00f8ren Baines",
      "password": "pbkdf2_sha256$120000$sYgY6VVt73Jq$mGRB9+r/lR3otfPvp6TBIMbSf8Y9h9XlS85evjiC9No=",
      "full_name": "S\u00f8ren Baines",
      "avatar": "introduction-software-programmer.jpg",
      "headline": null,
      "biography": "No bio",
      "website_url": null,
      "cv_url": null,
      "twitter_username": null,
      "github_username": null,
      "company": null,
      "company_headquarters": null,
      "role_in_company": null,
      "location": "Bjurholm",
      "gender": null,
      "birth": null,
      "student": false,
      "looking_for_job": true,
      "reputation": 0,
      "reputation_this_week": 0,
      "reported_times": 0,
      "created_at": "2019-09-05T20:52:53.255Z",
      "modified_at": "2019-09-05T20:55:51.792Z",
      "groups": [],
      "user_permissions": []
    }
  },
  {
    "model": "core.user",
    "pk": 6,
    "fields": {
      "last_login": "2019-09-05T22:25:17Z",
      "is_superuser": false,
      "first_name": "",
      "last_name": "",
      "is_staff": false,
      "is_active": true,
      "date_joined": "2019-09-05T22:25:17Z",
      "email": "zanettiot@gmail.com",
      "username": "zanetti",
      "password": "pbkdf2_sha256$120000$3461J7etmTDs$rib+zRzivayoxdUsYkXJg3ePLnGKAzZNqxMAQPaIIv0=",
      "full_name": "Zanetti Otman",
      "avatar": "three-toed-sloth.jpg",
      "headline": null,
      "biography": "/",
      "website_url": null,
      "cv_url": null,
      "twitter_username": null,
      "github_username": null,
      "company": null,
      "company_headquarters": null,
      "role_in_company": null,
      "location": "Grosseto, Italy",
      "gender": null,
      "birth": null,
      "student": false,
      "looking_for_job": true,
      "reputation": 0,
      "reputation_this_week": 0,
      "reported_times": 0,
      "created_at": "2019-09-05T22:25:17.376Z",
      "modified_at": "2019-09-09T02:49:31.911Z",
      "groups": [],
      "user_permissions": []
    }
  },
  {
    "model": "core.user",
    "pk": 7,
    "fields": {
      "last_login": "2019-09-05T22:47:07.950Z",
      "is_superuser": false,
      "first_name": "",
      "last_name": "",
      "is_staff": false,
      "is_active": true,
      "date_joined": "2019-09-05T22:47:07.836Z",
      "email": "bojanmilicev93@gmail.com",
      "username": "bokile",
      "password": "pbkdf2_sha256$120000$XZCJ5PN0oS33$ZLqgUb9ML0j8sD1bKYEIjPWv8Wn1Qs4Ja5dFh3qIv+k=",
      "full_name": "Bokica Paorko",
      "avatar": "how-to-become-a-programmer.jpg",
      "headline": null,
      "biography": "Backend developer",
      "website_url": null,
      "cv_url": null,
      "twitter_username": null,
      "github_username": null,
      "company": null,
      "company_headquarters": null,
      "role_in_company": null,
      "location": "Krusevac, Serbia",
      "gender": null,
      "birth": null,
      "student": false,
      "looking_for_job": false,
      "reputation": 0,
      "reputation_this_week": 0,
      "reported_times": 0,
      "created_at": "2019-09-05T22:47:07.836Z",
      "modified_at": "2019-09-05T22:52:05.406Z",
      "groups": [],
      "user_permissions": []
    }
  },
  {
    "model": "core.user",
    "pk": 8,
    "fields": {
      "last_login": "2019-09-05T23:09:46Z",
      "is_superuser": false,
      "first_name": "",
      "last_name": "",
      "is_staff": false,
      "is_active": true,
      "date_joined": "2019-09-05T23:09:45Z",
      "email": "coombstam@gmail.com",
      "username": "coombs1989",
      "password": "pbkdf2_sha256$120000$unMogQbcS6Zm$NPMdu7WrDD/9axIZ+01xT1DULz7sk2AsxzuKrhzIXzM=",
      "full_name": "Tam Coomb",
      "avatar": "hackers_1995_rollerblading.jpeg",
      "headline": null,
      "biography": "not a fan of bio",
      "website_url": null,
      "cv_url": null,
      "twitter_username": null,
      "github_username": null,
      "company": null,
      "company_headquarters": null,
      "role_in_company": null,
      "location": "Connecticut",
      "gender": null,
      "birth": null,
      "student": false,
      "looking_for_job": true,
      "reputation": 20,
      "reputation_this_week": 20,
      "reported_times": 0,
      "created_at": "2019-09-05T23:09:45.939Z",
      "modified_at": "2019-09-09T03:35:08.399Z",
      "groups": [],
      "user_permissions": []
    }
  },
  {
    "model": "core.user",
    "pk": 9,
    "fields": {
      "last_login": "2019-09-09T08:36:04.494Z",
      "is_superuser": false,
      "first_name": "",
      "last_name": "",
      "is_staff": false,
      "is_active": true,
      "date_joined": "2019-09-09T08:36:04.383Z",
      "email": "acanik84@yahoo.com",
      "username": "acanik84",
      "password": "pbkdf2_sha256$120000$Cy33Jk2o1AaP$eRwJt5UZm75EPAj9wwM3nXiD9n69Mid4XYsrESgy0Vg=",
      "full_name": "Aleksandar Nikoli\u0107",
      "avatar": "1106121_1106097-maminisinovi_edit.jpg",
      "headline": null,
      "biography": "PHP Developer",
      "website_url": null,
      "cv_url": null,
      "twitter_username": null,
      "github_username": null,
      "company": null,
      "company_headquarters": null,
      "role_in_company": null,
      "location": null,
      "gender": null,
      "birth": null,
      "student": false,
      "looking_for_job": false,
      "reputation": 0,
      "reputation_this_week": 0,
      "reported_times": 0,
      "created_at": "2019-09-09T08:36:04.383Z",
      "modified_at": "2019-09-09T08:36:48.458Z",
      "groups": [],
      "user_permissions": []
    }
  },
  {
    "model": "core.answer",
    "pk": 1,
    "fields": {
      "question": 9,
      "author": 1,
      "editor": 1,
      "stackblitz_template": "javascript",
      "fs": {
        "index.js": "\r\n// Import stylesheets\r\nimport './style.scss';\r\nimport $ from 'jquery';\r\n\r\n$(document).ready(function() {\r\n  const wordyContent = \"Some random word\";\r\n  \r\n  wordyContent.split(' ').forEach(w => {\r\n    const span = document.createElement(\"span\");\r\n    span.innerText = `${w} `\r\n    span.addEventListener('mouseover', function(){\r\n      console.log(this.innerText.trim())\r\n    })\r\n\r\n    $('.wordy').append(span)\r\n  })\r\n});\r\n      ",
        "index.html": "<p class=\"wordy\"></p>",
        "style.scss": "\r\nh1, h2 {\r\n  font-family: Lato;\r\n}\r\n#app{\r\n  font-style: italic;\r\n}\r\n      ",
        "package.json": "{\r\n  \"name\": \"fhjhg4.run\",\r\n  \"version\": \"0.0.0\",\r\n  \"private\": true,\r\n  \"dependencies\": {\r\n    \"jquery\": \"3.4.1\"\r\n  }\r\n}"
      },
      "dependencies": {
        "jquery": "3.4.1"
      },
      "description": "<p>You could use `document.createElement` to create separate HTML span elements for each word, and then append&nbsp;`mouseover` event listeners for each.</p>",
      "repository_url": "https://codesandbox.io/embed/3dx0i",
      "is_accepted": false,
      "has_comments": false,
      "is_edited": false,
      "is_deleted": false,
      "score": 40,
      "reported_times": 0,
      "created_at": "2019-09-08T15:41:22Z",
      "modified_at": "2019-09-09T04:01:36.423Z",
      "deleted_at": null
    }
  },
  {
    "model": "core.answer",
    "pk": 2,
    "fields": {
      "question": 7,
      "author": 1,
      "editor": 1,
      "stackblitz_template": "create-react-app",
      "fs": {
        "styles.css": "\r\n.App {\r\n  font-style: bold;\r\n}\r\n      ",
        "package.json": "{\r\n  \"name\": \"uah6e6.run\",\r\n  \"version\": \"0.0.0\",\r\n  \"private\": true,\r\n  \"dependencies\": {\r\n    \"react\": \"16.9.0\",\r\n    \"react-dom\": \"16.9.0\"\r\n  },\r\n  \"scripts\": {\r\n    \"start\": \"react-scripts start\",\r\n    \"build\": \"react-scripts build\",\r\n    \"test\": \"react-scripts test --env=jsdom\",\r\n    \"eject\": \"react-scripts eject\"\r\n  },\r\n  \"devDependencies\": {\r\n    \"react-scripts\": \"latest\"\r\n  }\r\n}",
        "src/index.js": "import React from \"react\";\r\nimport ReactDOM from \"react-dom\";\r\nimport \"./../styles.css\";\r\n\r\nlet objectBlob = [\r\n  {\r\n    name: 'Bob',\r\n    age: 22\r\n  },\r\n  {\r\n    name: 'Ive',\r\n    age: 25\r\n  },\r\n  {\r\n    name: 'George',\r\n    age: 32\r\n  }\r\n]\r\n\r\nfunction App() {\r\n  return (\r\n    <div className=\"App\">\r\n      {objectBlob.map(b => {\r\n        return(\r\n          <div>{b.name}</div>\r\n        )\r\n      })}\r\n    </div>\r\n  );\r\n}\r\n\r\nconst rootElement = document.getElementById(\"root\");\r\nReactDOM.render(<App />, rootElement);\r\n    \r\n      ",
        "public/index.html": "<div id=\"root\"></div>"
      },
      "dependencies": {
        "react": "16.9.0",
        "react-dom": "16.9.0"
      },
      "description": "<p>Map function accepts a callback function as its first argument. That function has to return some value.</p><p><br></p><p>Please read <a href=\"https://developer.mozilla.org/en-US/docs/Web/JavaScript/Reference/Global_Objects/Array/map\" target=\"_blank\">this</a>.</p><p><br></p><p><br></p>",
      "repository_url": "https://codesandbox.io/embed/0om0k",
      "is_accepted": false,
      "has_comments": false,
      "is_edited": false,
      "is_deleted": false,
      "score": 20,
      "reported_times": 0,
      "created_at": "2019-09-08T16:02:38.222Z",
      "modified_at": "2019-09-09T02:56:34.015Z",
      "deleted_at": null
    }
  },
  {
    "model": "core.answer",
    "pk": 3,
    "fields": {
      "question": 5,
      "author": 1,
      "editor": 1,
      "stackblitz_template": "create-react-app",
      "fs": {
        "styles.css": "\r\n.App {\r\n  font-style: bold;\r\n}\r\n      ",
        "package.json": "{\r\n  \"name\": \"qr23rk.run\",\r\n  \"version\": \"0.0.0\",\r\n  \"private\": true,\r\n  \"dependencies\": {\r\n    \"react\": \"16.9.0\",\r\n    \"react-dom\": \"16.9.0\"\r\n  },\r\n  \"scripts\": {\r\n    \"start\": \"react-scripts start\",\r\n    \"build\": \"react-scripts build\",\r\n    \"test\": \"react-scripts test --env=jsdom\",\r\n    \"eject\": \"react-scripts eject\"\r\n  },\r\n  \"devDependencies\": {\r\n    \"react-scripts\": \"latest\"\r\n  }\r\n}",
        "src/index.js": "import React, {useState} from \"react\";\r\nimport ReactDOM from \"react-dom\";\r\nimport \"./../styles.css\";\r\n\r\nconst Item = () => (\r\n  <div>\r\n    <h1>Hello</h1>\r\n  </div>\r\n)\r\n\r\n// Function component with useState hook\r\n// Read about state: https://reactjs.org/docs/state-and-lifecycle.html\r\n// Read more about React Hooks https://reactjs.org/docs/hooks-intro.html\r\nfunction App() {\r\n  const [items, setItems] = useState([1])\r\n  const handleClick = () => setItems([...items, 1]) \r\n  return (\r\n    <div className=\"App\">\r\n      {items.map((item,i) => <Item key={i}/>)}\r\n      <button onClick={handleClick}>Add one more item</button>\r\n    </div>\r\n  );\r\n}\r\n\r\n// Class components\r\nclass ClassApp extends React.Component{\r\n  state = {\r\n    items: []\r\n  }\r\n\r\n  handleClick = () => this.setState(prevState => ({items: [...prevState.items, 1]}))\r\n\r\n  render(){\r\n    return(\r\n<div>\r\n      {this.state.items.map((item,i) => <Item key={i}/>)}\r\n      <button onClick={this.handleClick}>Add one more item</button>\r\n    </div>\r\n    )\r\n  }\r\n}\r\n\r\nconst rootElement = document.getElementById(\"root\");\r\n// ReactDOM.render(<App />, rootElement);\r\nReactDOM.render(<ClassApp />, rootElement);\r\n    \r\n      ",
        "public/index.html": "<div id=\"root\"></div>"
      },
      "dependencies": {
        "react": "16.9.0",
        "react-dom": "16.9.0"
      },
      "description": "<p>I've added two examples which explain how would you go about rendering a list which is stored in <a href=\"https://reactjs.org/docs/faq-state.html\" target=\"_blank\">state</a>, for both function and class react components.</p>",
      "repository_url": "https://codesandbox.io/embed/oxtmy",
      "is_accepted": false,
      "has_comments": false,
      "is_edited": false,
      "is_deleted": false,
      "score": 40,
      "reported_times": 0,
      "created_at": "2019-09-09T03:49:56.592Z",
      "modified_at": "2019-09-09T04:01:22.604Z",
      "deleted_at": null
    }
  },
  {
    "model": "core.questioncomment",
    "pk": 3,
    "fields": {
      "content": "I'm not sure what do you mean by `deleting whole state`.  handleName method will get fired each time your input changes, and it will update name property in your local state. Please explain the exact behavior you want to achieve.",
      "author": 1,
      "is_edited": false,
      "score": 40,
      "reported_times": 0,
      "created_at": "2019-09-08T15:52:21.148Z",
      "modified_at": "2019-09-09T03:52:06.205Z",
      "question": 8
    }
  },
  {
    "model": "core.questioncomment",
    "pk": 4,
    "fields": {
      "content": "There is only one div which has display: none. Nothing appears, nor it flashes. Please provide more detailed code example below.",
      "author": 1,
      "is_edited": false,
      "score": 20,
      "reported_times": 0,
      "created_at": "2019-09-09T03:39:50.339Z",
      "modified_at": "2019-09-09T03:52:29.357Z",
      "question": 6
    }
  },
  {
    "model": "core.questionvote",
    "pk": 5,
    "fields": {
      "is_upvote": true,
      "is_deleted": false,
      "created_at": "2019-09-09T03:35:08.394Z",
      "modified_at": "2019-09-09T03:35:08.394Z",
      "deleted_at": null,
      "question": 9,
      "author": 1
    }
  },
  {
    "model": "core.answervote",
    "pk": 3,
    "fields": {
      "is_upvote": true,
      "is_deleted": false,
      "created_at": "2019-09-09T02:56:02.474Z",
      "modified_at": "2019-09-09T02:56:02.474Z",
      "deleted_at": null,
      "answer": 1,
      "author": 2
    }
  },
  {
    "model": "core.answervote",
    "pk": 4,
    "fields": {
      "is_upvote": true,
      "is_deleted": false,
      "created_at": "2019-09-09T02:56:34.012Z",
      "modified_at": "2019-09-09T02:56:34.013Z",
      "deleted_at": null,
      "answer": 2,
      "author": 2
    }
  },
  {
    "model": "core.answervote",
    "pk": 5,
    "fields": {
      "is_upvote": true,
      "is_deleted": false,
      "created_at": "2019-09-09T03:52:44.075Z",
      "modified_at": "2019-09-09T03:52:44.075Z",
      "deleted_at": null,
      "answer": 3,
      "author": 2
    }
  },
  {
    "model": "core.answervote",
    "pk": 6,
    "fields": {
      "is_upvote": true,
      "is_deleted": false,
      "created_at": "2019-09-09T04:01:22.600Z",
      "modified_at": "2019-09-09T04:01:22.601Z",
      "deleted_at": null,
      "answer": 3,
      "author": 3
    }
  },
  {
    "model": "core.answervote",
    "pk": 7,
    "fields": {
      "is_upvote": true,
      "is_deleted": false,
      "created_at": "2019-09-09T04:01:36.420Z",
      "modified_at": "2019-09-09T04:01:36.420Z",
      "deleted_at": null,
      "answer": 1,
      "author": 3
    }
  },
  {
    "model": "core.questioncommentvote",
    "pk": 2,
    "fields": {
      "is_upvote": true,
      "is_deleted": false,
      "created_at": "2019-09-09T03:52:06.202Z",
      "modified_at": "2019-09-09T03:52:06.203Z",
      "deleted_at": null,
      "question_comment": 3,
      "author": 2
    }
  },
  {
    "model": "core.questioncommentvote",
    "pk": 3,
    "fields": {
      "is_upvote": true,
      "is_deleted": false,
      "created_at": "2019-09-09T03:52:29.354Z",
      "modified_at": "2019-09-09T03:52:29.354Z",
      "deleted_at": null,
      "question_comment": 4,
      "author": 2
    }
  },
  {
    "model": "account.emailaddress",
    "pk": 1,
    "fields": {
      "user": 3,
      "email": "rastkorakocevic@gmail.com",
      "verified": false,
      "primary": true
    }
  },
  {
    "model": "account.emailaddress",
    "pk": 2,
    "fields": {
      "user": 4,
      "email": "zlinindza@gmail.com",
      "verified": false,
      "primary": true
    }
  },
  {
    "model": "account.emailaddress",
    "pk": 3,
    "fields": {
      "user": 5,
      "email": "juniquepillows@gmail.com",
      "verified": false,
      "primary": true
    }
  },
  {
    "model": "account.emailaddress",
    "pk": 4,
    "fields": {
      "user": 6,
      "email": "zanettiot@gmail.com",
      "verified": false,
      "primary": true
    }
  },
  {
    "model": "account.emailaddress",
    "pk": 5,
    "fields": {
      "user": 7,
      "email": "bojanmilicev93@gmail.com",
      "verified": false,
      "primary": true
    }
  },
  {
    "model": "account.emailaddress",
    "pk": 6,
    "fields": {
      "user": 8,
      "email": "coombstam@gmail.com",
      "verified": false,
      "primary": true
    }
  },
  {
    "model": "account.emailaddress",
    "pk": 7,
    "fields": {
      "user": 9,
      "email": "acanik84@yahoo.com",
      "verified": false,
      "primary": true
    }
  },
  {
    "model": "notifications.notification",
    "pk": 1,
    "fields": {
      "level": "info",
      "recipient": 1,
      "unread": false,
      "actor_content_type": 6,
      "actor_object_id": "1",
      "verb": "ADD_COMMENT",
      "description": null,
      "target_content_type": 15,
      "target_object_id": "1",
      "action_object_content_type": 16,
      "action_object_object_id": "1",
      "timestamp": "2019-08-26T02:03:53.542Z",
      "public": true,
      "deleted": false,
      "emailed": false,
      "data": null
    }
  },
  {
    "model": "notifications.notification",
    "pk": 2,
    "fields": {
      "level": "info",
      "recipient": 1,
      "unread": false,
      "actor_content_type": 6,
      "actor_object_id": "1",
      "verb": "ADD_COMMENT",
      "description": null,
      "target_content_type": 15,
      "target_object_id": "1",
      "action_object_content_type": 16,
      "action_object_object_id": "2",
      "timestamp": "2019-08-26T02:11:03.407Z",
      "public": true,
      "deleted": false,
      "emailed": false,
      "data": null
    }
  },
  {
    "model": "notifications.notification",
    "pk": 3,
    "fields": {
      "level": "info",
      "recipient": 8,
      "unread": true,
      "actor_content_type": 6,
      "actor_object_id": "1",
      "verb": "ADD_ANSWER",
      "description": null,
      "target_content_type": 15,
      "target_object_id": "9",
      "action_object_content_type": 7,
      "action_object_object_id": "1",
      "timestamp": "2019-09-08T15:41:22.254Z",
      "public": true,
      "deleted": false,
      "emailed": false,
      "data": null
    }
  },
  {
    "model": "notifications.notification",
    "pk": 4,
    "fields": {
      "level": "info",
      "recipient": 7,
      "unread": true,
      "actor_content_type": 6,
      "actor_object_id": "1",
      "verb": "QUESTION_DOWNVOTE",
      "description": null,
      "target_content_type": 15,
      "target_object_id": "8",
      "action_object_content_type": 20,
      "action_object_object_id": "1",
      "timestamp": "2019-09-08T15:44:41.089Z",
      "public": true,
      "deleted": false,
      "emailed": false,
      "data": "{\"vote_value\":-20}"
    }
  },
  {
    "model": "notifications.notification",
    "pk": 5,
    "fields": {
      "level": "info",
      "recipient": 7,
      "unread": true,
      "actor_content_type": 6,
      "actor_object_id": "1",
      "verb": "ADD_COMMENT",
      "description": null,
      "target_content_type": 15,
      "target_object_id": "8",
      "action_object_content_type": 16,
      "action_object_object_id": "3",
      "timestamp": "2019-09-08T15:52:21.153Z",
      "public": true,
      "deleted": false,
      "emailed": false,
      "data": null
    }
  },
  {
    "model": "notifications.notification",
    "pk": 6,
    "fields": {
      "level": "info",
      "recipient": 8,
      "unread": true,
      "actor_content_type": 6,
      "actor_object_id": "1",
      "verb": "QUESTION_UPVOTE",
      "description": null,
      "target_content_type": 15,
      "target_object_id": "9",
      "action_object_content_type": 20,
      "action_object_object_id": "2",
      "timestamp": "2019-09-08T15:52:58.523Z",
      "public": true,
      "deleted": false,
      "emailed": false,
      "data": "{\"vote_value\":20}"
    }
  },
  {
    "model": "notifications.notification",
    "pk": 7,
    "fields": {
      "level": "info",
      "recipient": 6,
      "unread": true,
      "actor_content_type": 6,
      "actor_object_id": "1",
      "verb": "ADD_ANSWER",
      "description": null,
      "target_content_type": 15,
      "target_object_id": "7",
      "action_object_content_type": 7,
      "action_object_object_id": "2",
      "timestamp": "2019-09-08T16:02:38.229Z",
      "public": true,
      "deleted": false,
      "emailed": false,
      "data": null
    }
  },
  {
    "model": "notifications.notification",
    "pk": 8,
    "fields": {
      "level": "info",
      "recipient": 1,
      "unread": false,
      "actor_content_type": 6,
      "actor_object_id": "2",
      "verb": "ANSWER_UPVOTE",
      "description": null,
      "target_content_type": 7,
      "target_object_id": "1",
      "action_object_content_type": 12,
      "action_object_object_id": "1",
      "timestamp": "2019-09-08T16:20:58.358Z",
      "public": true,
      "deleted": false,
      "emailed": false,
      "data": "{\"vote_value\":20}"
    }
  },
  {
    "model": "notifications.notification",
    "pk": 9,
    "fields": {
      "level": "info",
      "recipient": 1,
      "unread": false,
      "actor_content_type": 6,
      "actor_object_id": "2",
      "verb": "ANSWER_DOWNVOTE",
      "description": null,
      "target_content_type": 7,
      "target_object_id": "1",
      "action_object_content_type": 12,
      "action_object_object_id": "1",
      "timestamp": "2019-09-08T16:25:20.097Z",
      "public": true,
      "deleted": false,
      "emailed": false,
      "data": "{\"vote_value\":-20}"
    }
  },
  {
    "model": "notifications.notification",
    "pk": 10,
    "fields": {
      "level": "info",
      "recipient": 1,
      "unread": false,
      "actor_content_type": 6,
      "actor_object_id": "2",
      "verb": "ANSWER_UPVOTE",
      "description": null,
      "target_content_type": 7,
      "target_object_id": "1",
      "action_object_content_type": 12,
      "action_object_object_id": "1",
      "timestamp": "2019-09-08T16:25:28.513Z",
      "public": true,
      "deleted": false,
      "emailed": false,
      "data": "{\"vote_value\":20}"
    }
  },
  {
    "model": "notifications.notification",
    "pk": 11,
    "fields": {
      "level": "info",
      "recipient": 8,
      "unread": true,
      "actor_content_type": 6,
      "actor_object_id": "2",
      "verb": "QUESTION_UPVOTE",
      "description": null,
      "target_content_type": 15,
      "target_object_id": "9",
      "action_object_content_type": 20,
      "action_object_object_id": "3",
      "timestamp": "2019-09-08T16:57:19.021Z",
      "public": true,
      "deleted": false,
      "emailed": false,
      "data": "{\"vote_value\":20}"
    }
  },
  {
    "model": "notifications.notification",
    "pk": 12,
    "fields": {
      "level": "info",
      "recipient": 8,
      "unread": true,
      "actor_content_type": 6,
      "actor_object_id": "2",
      "verb": "QUESTION_DOWNVOTE",
      "description": null,
      "target_content_type": 15,
      "target_object_id": "9",
      "action_object_content_type": 20,
      "action_object_object_id": "3",
      "timestamp": "2019-09-08T17:06:13.863Z",
      "public": true,
      "deleted": false,
      "emailed": false,
      "data": "{\"vote_value\":-20}"
    }
  },
  {
    "model": "notifications.notification",
    "pk": 13,
    "fields": {
      "level": "info",
      "recipient": 8,
      "unread": true,
      "actor_content_type": 6,
      "actor_object_id": "2",
      "verb": "QUESTION_UPVOTE",
      "description": null,
      "target_content_type": 15,
      "target_object_id": "9",
      "action_object_content_type": 20,
      "action_object_object_id": "3",
      "timestamp": "2019-09-08T17:06:26.903Z",
      "public": true,
      "deleted": false,
      "emailed": false,
      "data": "{\"vote_value\":20}"
    }
  },
  {
    "model": "notifications.notification",
    "pk": 14,
    "fields": {
      "level": "info",
      "recipient": 1,
      "unread": false,
      "actor_content_type": 6,
      "actor_object_id": "2",
      "verb": "COMMENT_UPVOTE",
      "description": null,
      "target_content_type": 16,
      "target_object_id": "3",
      "action_object_content_type": 18,
      "action_object_object_id": "1",
      "timestamp": "2019-09-08T17:07:21.295Z",
      "public": true,
      "deleted": false,
      "emailed": false,
      "data": "{\"vote_value\":20}"
    }
  },
  {
    "model": "notifications.notification",
    "pk": 15,
    "fields": {
      "level": "info",
      "recipient": 1,
      "unread": false,
      "actor_content_type": 6,
      "actor_object_id": "2",
      "verb": "ANSWER_UPVOTE",
      "description": null,
      "target_content_type": 7,
      "target_object_id": "1",
      "action_object_content_type": 12,
      "action_object_object_id": "2",
      "timestamp": "2019-09-08T20:35:49.905Z",
      "public": true,
      "deleted": false,
      "emailed": false,
      "data": "{\"vote_value\":20}"
    }
  },
  {
    "model": "notifications.notification",
    "pk": 16,
    "fields": {
      "level": "info",
      "recipient": 8,
      "unread": true,
      "actor_content_type": 6,
      "actor_object_id": "2",
      "verb": "QUESTION_UPVOTE",
      "description": null,
      "target_content_type": 15,
      "target_object_id": "9",
      "action_object_content_type": 20,
      "action_object_object_id": "4",
      "timestamp": "2019-09-08T20:36:04.663Z",
      "public": true,
      "deleted": false,
      "emailed": false,
      "data": "{\"vote_value\":20}"
    }
  },
  {
    "model": "notifications.notification",
    "pk": 17,
    "fields": {
      "level": "info",
      "recipient": 1,
      "unread": false,
      "actor_content_type": 6,
      "actor_object_id": "2",
      "verb": "ANSWER_UPVOTE",
      "description": null,
      "target_content_type": 7,
      "target_object_id": "1",
      "action_object_content_type": 12,
      "action_object_object_id": "3",
      "timestamp": "2019-09-09T02:56:02.484Z",
      "public": true,
      "deleted": false,
      "emailed": false,
      "data": "{\"vote_value\":20}"
    }
  },
  {
    "model": "notifications.notification",
    "pk": 18,
    "fields": {
      "level": "info",
      "recipient": 1,
      "unread": false,
      "actor_content_type": 6,
      "actor_object_id": "2",
      "verb": "ANSWER_UPVOTE",
      "description": null,
      "target_content_type": 7,
      "target_object_id": "2",
      "action_object_content_type": 12,
      "action_object_object_id": "4",
      "timestamp": "2019-09-09T02:56:34.022Z",
      "public": true,
      "deleted": false,
      "emailed": false,
      "data": "{\"vote_value\":20}"
    }
  },
  {
    "model": "notifications.notification",
    "pk": 19,
    "fields": {
      "level": "info",
      "recipient": 8,
      "unread": true,
      "actor_content_type": 6,
      "actor_object_id": "1",
      "verb": "QUESTION_UPVOTE",
      "description": null,
      "target_content_type": 15,
      "target_object_id": "9",
      "action_object_content_type": 20,
      "action_object_object_id": "5",
      "timestamp": "2019-09-09T03:35:08.403Z",
      "public": true,
      "deleted": false,
      "emailed": false,
      "data": "{\"vote_value\":20}"
    }
  },
  {
    "model": "notifications.notification",
    "pk": 20,
    "fields": {
      "level": "info",
      "recipient": 5,
      "unread": true,
      "actor_content_type": 6,
      "actor_object_id": "1",
      "verb": "ADD_COMMENT",
      "description": null,
      "target_content_type": 15,
      "target_object_id": "6",
      "action_object_content_type": 16,
      "action_object_object_id": "4",
      "timestamp": "2019-09-09T03:39:50.344Z",
      "public": true,
      "deleted": false,
      "emailed": false,
      "data": null
    }
  },
  {
    "model": "notifications.notification",
    "pk": 21,
    "fields": {
      "level": "info",
      "recipient": 4,
      "unread": true,
      "actor_content_type": 6,
      "actor_object_id": "1",
      "verb": "ADD_ANSWER",
      "description": null,
      "target_content_type": 15,
      "target_object_id": "5",
      "action_object_content_type": 7,
      "action_object_object_id": "3",
      "timestamp": "2019-09-09T03:49:56.601Z",
      "public": true,
      "deleted": false,
      "emailed": false,
      "data": null
    }
  },
  {
    "model": "notifications.notification",
    "pk": 22,
    "fields": {
      "level": "info",
      "recipient": 1,
      "unread": false,
      "actor_content_type": 6,
      "actor_object_id": "2",
      "verb": "COMMENT_UPVOTE",
      "description": null,
      "target_content_type": 16,
      "target_object_id": "3",
      "action_object_content_type": 18,
      "action_object_object_id": "2",
      "timestamp": "2019-09-09T03:52:06.210Z",
      "public": true,
      "deleted": false,
      "emailed": false,
      "data": "{\"vote_value\":20}"
    }
  },
  {
    "model": "notifications.notification",
    "pk": 23,
    "fields": {
      "level": "info",
      "recipient": 1,
      "unread": false,
      "actor_content_type": 6,
      "actor_object_id": "2",
      "verb": "COMMENT_UPVOTE",
      "description": null,
      "target_content_type": 16,
      "target_object_id": "4",
      "action_object_content_type": 18,
      "action_object_object_id": "3",
      "timestamp": "2019-09-09T03:52:29.365Z",
      "public": true,
      "deleted": false,
      "emailed": false,
      "data": "{\"vote_value\":20}"
    }
  },
  {
    "model": "notifications.notification",
    "pk": 24,
    "fields": {
      "level": "info",
      "recipient": 1,
      "unread": false,
      "actor_content_type": 6,
      "actor_object_id": "2",
      "verb": "ANSWER_UPVOTE",
      "description": null,
      "target_content_type": 7,
      "target_object_id": "3",
      "action_object_content_type": 12,
      "action_object_object_id": "5",
      "timestamp": "2019-09-09T03:52:44.085Z",
      "public": true,
      "deleted": false,
      "emailed": false,
      "data": "{\"vote_value\":20}"
    }
  },
  {
    "model": "notifications.notification",
    "pk": 25,
    "fields": {
      "level": "info",
      "recipient": 1,
      "unread": false,
      "actor_content_type": 6,
      "actor_object_id": "3",
      "verb": "ANSWER_UPVOTE",
      "description": null,
      "target_content_type": 7,
      "target_object_id": "3",
      "action_object_content_type": 12,
      "action_object_object_id": "6",
      "timestamp": "2019-09-09T04:01:22.614Z",
      "public": true,
      "deleted": false,
      "emailed": false,
      "data": "{\"vote_value\":20}"
    }
  },
  {
    "model": "notifications.notification",
    "pk": 26,
    "fields": {
      "level": "info",
      "recipient": 1,
      "unread": false,
      "actor_content_type": 6,
      "actor_object_id": "3",
      "verb": "ANSWER_UPVOTE",
      "description": null,
      "target_content_type": 7,
      "target_object_id": "1",
      "action_object_content_type": 12,
      "action_object_object_id": "7",
      "timestamp": "2019-09-09T04:01:36.430Z",
      "public": true,
      "deleted": false,
      "emailed": false,
      "data": "{\"vote_value\":20}"
    }
  },
  {
    "model": "notifications.notification",
    "pk": 27,
    "fields": {
      "level": "info",
      "recipient": 2,
      "unread": false,
      "actor_content_type": 6,
      "actor_object_id": "2",
      "verb": "ADD_ANSWER",
      "description": null,
      "target_content_type": 15,
      "target_object_id": "10",
      "action_object_content_type": 7,
      "action_object_object_id": "4",
      "timestamp": "2019-09-13T17:50:28.555Z",
      "public": true,
      "deleted": false,
      "emailed": false,
      "data": null
    }
  },
  {
    "model": "core.question",
    "pk": 4,
    "fields": {
      "title": "Preferred way of mapping in react",
      "description": "<p>As i show in example, is it more preferred to loop outside of render or inside?</p>",
      "slug": "preferred-way-of-mapping-in-react",
      "stackblitz_template": "create-react-app",
      "fs": {
        "styles.css": "\r\n.App {\r\n  font-style: bold;\r\n}\r\n      ",
        "package.json": "{\n  \"name\": \"zs5yii.run\",\n  \"version\": \"0.0.0\",\n  \"private\": true,\n  \"dependencies\": {\n    \"react\": \"16.9.0\",\n    \"react-dom\": \"16.9.0\"\n  },\n  \"scripts\": {\n    \"start\": \"react-scripts start\",\n    \"build\": \"react-scripts build\",\n    \"test\": \"react-scripts test --env=jsdom\",\n    \"eject\": \"react-scripts eject\"\n  },\n  \"devDependencies\": {\n    \"react-scripts\": \"latest\"\n  }\n}",
        "src/index.js": "import React from \"react\";\r\nimport ReactDOM from \"react-dom\";\r\nimport \"./../styles.css\";\r\n\r\nfunction App() {\r\n  let mappedEl = [1,2,3,4].map(e => <span>{e}</span>)\r\n  return (\r\n    <div className=\"App\">\r\n      <h1>Lets do some react!</h1>\r\n      {mappedEl}\r\n      <br/>\r\n      {[1,2,3,4].map(z => <span>{z}</span>)}\r\n    </div>\r\n  );\r\n}\r\n\r\nconst rootElement = document.getElementById(\"root\");\r\nReactDOM.render(<App />, rootElement);\r\n    \r\n      ",
        "public/index.html": "<div id=\"root\"></div>"
      },
      "dependencies": {
        "react": "16.9.0",
        "react-dom": "16.9.0"
      },
      "repository_url": "https://codesandbox.io/embed/c7w6z",
      "author": 2,
      "editor": 1,
      "score": 0,
      "reported_times": 0,
      "viewed_times": 6,
      "has_accepted_answer": false,
      "has_comments": false,
      "is_edited": false,
      "is_deleted": true,
      "created_at": "2019-09-05T00:25:23Z",
      "modified_at": "2019-09-08T20:36:34.532Z",
      "deleted_at": null,
      "tags": [1]
    }
  },
  {
    "model": "core.question",
    "pk": 5,
    "fields": {
      "title": "Adding items to a div with React",
      "description": "<p>I have a div element in which I want to show one item on a click of a button. But every time a user clicks a button, I want him to be able to add another item, and another, etc. Making it a list.</p><p>How do I accomplish this with React?</p><p>I know I have to separate an item, right?</p>",
      "slug": "adding-items-to-a-div-with-react",
      "stackblitz_template": "create-react-app",
      "fs": {
        "styles.css": "\r\n.App {\r\n  font-style: bold;\r\n}\r\n      ",
        "package.json": "{\n  \"name\": \"qr23rk.run\",\n  \"version\": \"0.0.0\",\n  \"private\": true,\n  \"dependencies\": {\n    \"react\": \"16.9.0\",\n    \"react-dom\": \"16.9.0\"\n  },\n  \"scripts\": {\n    \"start\": \"react-scripts start\",\n    \"build\": \"react-scripts build\",\n    \"test\": \"react-scripts test --env=jsdom\",\n    \"eject\": \"react-scripts eject\"\n  },\n  \"devDependencies\": {\n    \"react-scripts\": \"latest\"\n  }\n}",
        "src/index.js": "import React from \"react\";\r\nimport ReactDOM from \"react-dom\";\r\nimport \"./../styles.css\";\r\n\r\nconst Item = () => (\r\n  <div>\r\n    <h1>Hello</h1>\r\n  </div>\r\n)\r\n\r\nfunction App() {\r\n  return (\r\n    <div className=\"App\">\r\n      <Item />     \r\n      <button>Add one more item</button>\r\n    </div>\r\n  );\r\n}\r\n\r\nconst rootElement = document.getElementById(\"root\");\r\nReactDOM.render(<App />, rootElement);\r\n    \r\n      ",
        "public/index.html": "<div id=\"root\"></div>"
      },
      "dependencies": {
        "react": "16.9.0",
        "react-dom": "16.9.0"
      },
      "repository_url": "https://codesandbox.io/embed/m4y1r",
      "author": 4,
      "editor": 1,
      "score": 0,
      "reported_times": 0,
      "viewed_times": 8,
      "has_accepted_answer": false,
      "has_comments": false,
      "is_edited": false,
      "is_deleted": false,
      "created_at": "2019-09-05T20:41:05.466Z",
      "modified_at": "2019-09-09T04:01:15.166Z",
      "deleted_at": null,
      "tags": [1]
    }
  },
  {
    "model": "core.question",
    "pk": 6,
    "fields": {
      "title": "Hide div before page loads using Jquery",
      "description": "<p><span style=\"color: rgb(36, 39, 41);\">I am trying to hide a div before the page loads. I have added the css of&nbsp;</span><code style=\"color: rgb(36, 39, 41); background-color: rgb(239, 240, 241);\">display: none;</code><span style=\"color: rgb(36, 39, 41);\">&nbsp;I am overlaying the div with another one. But there is a small flash of the old div.</span></p>",
      "slug": "hide-div-before-page-loads-using-jquery",
      "stackblitz_template": "javascript",
      "fs": {
        "index.js": "\r\n// Import stylesheets\r\nimport './style.scss';\r\nimport $ from 'jquery';\r\n\r\n$(document).ready(function() {\r\n    $('.div').hide();\r\n});\r\n      ",
        "index.html": "<div class=\"div\"></div>",
        "style.scss": ".div {\r\n display: none; \r\n}",
        "package.json": "{\n  \"name\": \"yubyv5.run\",\n  \"version\": \"0.0.0\",\n  \"private\": true,\n  \"dependencies\": {\n    \"jquery\": \"3.4.1\"\n  }\n}"
      },
      "dependencies": {
        "jquery": "3.4.1"
      },
      "repository_url": "https://codesandbox.io/embed/d9pej",
      "author": 5,
      "editor": 1,
      "score": 0,
      "reported_times": 0,
      "viewed_times": 9,
      "has_accepted_answer": false,
      "has_comments": true,
      "is_edited": false,
      "is_deleted": false,
      "created_at": "2019-09-05T21:16:46.152Z",
      "modified_at": "2019-09-11T06:30:24.933Z",
      "deleted_at": null,
      "tags": [14, 15, 45]
    }
  },
  {
    "model": "core.question",
    "pk": 7,
    "fields": {
      "title": "Map doesnt work outside of component",
      "description": "<p>Why is this not working? </p>",
      "slug": "map-doesnt-work-outside-of-component",
      "stackblitz_template": "create-react-app",
      "fs": {
        "styles.css": "\r\n.App {\r\n  font-style: bold;\r\n}\r\n      ",
        "package.json": "{\n  \"name\": \"uah6e6.run\",\n  \"version\": \"0.0.0\",\n  \"private\": true,\n  \"dependencies\": {\n    \"react\": \"16.9.0\",\n    \"react-dom\": \"16.9.0\"\n  },\n  \"scripts\": {\n    \"start\": \"react-scripts start\",\n    \"build\": \"react-scripts build\",\n    \"test\": \"react-scripts test --env=jsdom\",\n    \"eject\": \"react-scripts eject\"\n  },\n  \"devDependencies\": {\n    \"react-scripts\": \"latest\"\n  }\n}",
        "src/index.js": "import React from \"react\";\r\nimport ReactDOM from \"react-dom\";\r\nimport \"./../styles.css\";\r\n\r\nlet objectBlob = [\r\n  {\r\n    name: 'Bob',\r\n    age: 22\r\n  },\r\n  {\r\n    name: 'Ive',\r\n    age: 25\r\n  },\r\n  {\r\n    name: 'George',\r\n    age: 32\r\n  }\r\n]\r\n\r\nfunction App() {\r\n  return (\r\n    <div className=\"App\">\r\n      {objectBlob.map(b => {\r\n        <div>{b.name}</div>\r\n      })}\r\n    </div>\r\n  );\r\n}\r\n\r\nconst rootElement = document.getElementById(\"root\");\r\nReactDOM.render(<App />, rootElement);\r\n    \r\n      ",
        "public/index.html": "<div id=\"root\"></div>"
      },
      "dependencies": {
        "react": "16.9.0",
        "react-dom": "16.9.0"
      },
      "repository_url": "https://codesandbox.io/embed/5xz95",
      "author": 6,
      "editor": 1,
      "score": 0,
      "reported_times": 0,
      "viewed_times": 10,
      "has_accepted_answer": false,
      "has_comments": false,
      "is_edited": false,
      "is_deleted": false,
      "created_at": "2019-09-05T22:45:13.824Z",
      "modified_at": "2019-09-09T02:56:21.957Z",
      "deleted_at": null,
      "tags": [1, 45]
    }
  },
  {
    "model": "core.question",
    "pk": 8,
    "fields": {
      "title": "onChange delete my state",
      "description": "<p>How to edit instead of deleting whole state?</p>",
      "slug": "onchange-delete-my-state",
      "stackblitz_template": "create-react-app",
      "fs": {
        "styles.css": "\r\n.App {\r\n  font-style: bold;\r\n}\r\n      ",
        "package.json": "{\n  \"name\": \"cnvqpu.run\",\n  \"version\": \"0.0.0\",\n  \"private\": true,\n  \"dependencies\": {\n    \"react\": \"16.9.0\",\n    \"react-dom\": \"16.9.0\"\n  },\n  \"scripts\": {\n    \"start\": \"react-scripts start\",\n    \"build\": \"react-scripts build\",\n    \"test\": \"react-scripts test --env=jsdom\",\n    \"eject\": \"react-scripts eject\"\n  },\n  \"devDependencies\": {\n    \"react-scripts\": \"latest\"\n  }\n}",
        "src/index.js": "import React from \"react\";\r\nimport ReactDOM from \"react-dom\";\r\nimport \"./../styles.css\";\r\n\r\nclass App extends React.Component {\r\n  state = {\r\n    name: 'Boki'\r\n  }\r\n\r\n  handleName = e => {\r\n    this.setState({ name: e.target.value })\r\n  }\r\n  render(){\r\n    return (\r\n        <div className=\"App\">\r\n          <input onChange={this.handleName} />\r\n          <h2>{this.state.name}</h2>\r\n        </div>\r\n      );\r\n  }\r\n  \r\n}\r\n\r\nconst rootElement = document.getElementById(\"root\");\r\nReactDOM.render(<App />, rootElement);\r\n    \r\n      ",
        "public/index.html": "<div id=\"root\"></div>"
      },
      "dependencies": {
        "react": "16.9.0",
        "react-dom": "16.9.0"
      },
      "repository_url": "https://codesandbox.io/embed/0qijc",
      "author": 7,
      "editor": 1,
      "score": 0,
      "reported_times": 0,
      "viewed_times": 9,
      "has_accepted_answer": false,
      "has_comments": true,
      "is_edited": false,
      "is_deleted": false,
      "created_at": "2019-09-05T22:59:10Z",
      "modified_at": "2019-09-09T03:52:01.192Z",
      "deleted_at": null,
      "tags": [1, 45]
    }
  },
  {
    "model": "core.question",
    "pk": 9,
    "fields": {
      "title": "console.log each word on hover",
      "description": "<p>How to log selected word on hover? </p>",
      "slug": "get-selected-word",
      "stackblitz_template": "javascript",
      "fs": {
        "index.js": "\r\n// Import stylesheets\r\nimport './style.scss';\r\nimport $ from 'jquery';\r\n\r\n$(document).ready(function() {\r\n  var wordyContent = \"Some random word\";\r\n  \r\n  wordyContent.split(' ').forEach(w => {\r\n    \r\n    $('.wordy').append(\"<span> \" + w + \"</span>\")\r\n  })\r\n\r\n\r\n\r\n});\r\n      ",
        "index.html": "<p class=\"wordy\"></p>",
        "style.scss": "\r\nh1, h2 {\r\n  font-family: Lato;\r\n}\r\n#app{\r\n  font-style: italic;\r\n}\r\n      ",
        "package.json": "{\n  \"name\": \"fhjhg4.run\",\n  \"version\": \"0.0.0\",\n  \"private\": true,\n  \"dependencies\": {\n    \"jquery\": \"3.4.1\"\n  }\n}"
      },
      "dependencies": {
        "jquery": "3.4.1"
      },
      "repository_url": "https://codesandbox.io/embed/v6dzv",
      "author": 8,
      "editor": 1,
      "score": 20,
      "reported_times": 0,
      "viewed_times": 32,
      "has_accepted_answer": false,
      "has_comments": false,
      "is_edited": false,
      "is_deleted": false,
      "created_at": "2019-09-05T23:23:22Z",
      "modified_at": "2019-09-12T21:12:36.980Z",
      "deleted_at": null,
      "tags": [13, 15, 17, 45, 85]
    }
  },
  {
    "model": "admin.logentry",
    "pk": 1,
    "fields": {
      "action_time": "2019-08-26T01:13:45.270Z",
      "user": 1,
      "content_type": 22,
      "object_id": "1",
      "object_repr": "React",
      "action_flag": 1,
      "change_message": "[{\"added\": {}}]"
    }
  },
  {
    "model": "admin.logentry",
    "pk": 2,
    "fields": {
      "action_time": "2019-08-26T01:14:44.842Z",
      "user": 1,
      "content_type": 13,
      "object_id": "1",
      "object_repr": "Stackblitz",
      "action_flag": 1,
      "change_message": "[{\"added\": {}}]"
    }
  },
  {
    "model": "admin.logentry",
    "pk": 3,
    "fields": {
      "action_time": "2019-09-04T22:55:18.880Z",
      "user": 1,
      "content_type": 22,
      "object_id": "2",
      "object_repr": "Angular",
      "action_flag": 1,
      "change_message": "[{\"added\": {}}]"
    }
  },
  {
    "model": "admin.logentry",
    "pk": 4,
    "fields": {
      "action_time": "2019-09-04T22:59:16.394Z",
      "user": 1,
      "content_type": 22,
      "object_id": "3",
      "object_repr": "Vue.js",
      "action_flag": 1,
      "change_message": "[{\"added\": {}}]"
    }
  },
  {
    "model": "admin.logentry",
    "pk": 5,
    "fields": {
      "action_time": "2019-09-04T23:01:54.847Z",
      "user": 1,
      "content_type": 22,
      "object_id": "4",
      "object_repr": "Svelte",
      "action_flag": 1,
      "change_message": "[{\"added\": {}}]"
    }
  },
  {
    "model": "admin.logentry",
    "pk": 6,
    "fields": {
      "action_time": "2019-09-04T23:02:35.142Z",
      "user": 1,
      "content_type": 22,
      "object_id": "5",
      "object_repr": "Sass",
      "action_flag": 1,
      "change_message": "[{\"added\": {}}]"
    }
  },
  {
    "model": "admin.logentry",
    "pk": 7,
    "fields": {
      "action_time": "2019-09-04T23:03:05.109Z",
      "user": 1,
      "content_type": 22,
      "object_id": "6",
      "object_repr": "Less",
      "action_flag": 1,
      "change_message": "[{\"added\": {}}]"
    }
  },
  {
    "model": "admin.logentry",
    "pk": 8,
    "fields": {
      "action_time": "2019-09-04T23:04:26.602Z",
      "user": 1,
      "content_type": 22,
      "object_id": "7",
      "object_repr": "Stylus",
      "action_flag": 1,
      "change_message": "[{\"added\": {}}]"
    }
  },
  {
    "model": "admin.logentry",
    "pk": 9,
    "fields": {
      "action_time": "2019-09-04T23:09:03.048Z",
      "user": 1,
      "content_type": 22,
      "object_id": "8",
      "object_repr": "Ember",
      "action_flag": 1,
      "change_message": "[{\"added\": {}}]"
    }
  },
  {
    "model": "admin.logentry",
    "pk": 10,
    "fields": {
      "action_time": "2019-09-04T23:10:40.614Z",
      "user": 1,
      "content_type": 22,
      "object_id": "9",
      "object_repr": "Backbone",
      "action_flag": 1,
      "change_message": "[{\"added\": {}}]"
    }
  },
  {
    "model": "admin.logentry",
    "pk": 11,
    "fields": {
      "action_time": "2019-09-04T23:11:12.212Z",
      "user": 1,
      "content_type": 22,
      "object_id": "10",
      "object_repr": "RxJS",
      "action_flag": 1,
      "change_message": "[{\"added\": {}}]"
    }
  },
  {
    "model": "admin.logentry",
    "pk": 12,
    "fields": {
      "action_time": "2019-09-04T23:11:43.154Z",
      "user": 1,
      "content_type": 22,
      "object_id": "11",
      "object_repr": "Lodash",
      "action_flag": 1,
      "change_message": "[{\"added\": {}}]"
    }
  },
  {
    "model": "admin.logentry",
    "pk": 13,
    "fields": {
      "action_time": "2019-09-04T23:12:04.575Z",
      "user": 1,
      "content_type": 22,
      "object_id": "12",
      "object_repr": "Underscore",
      "action_flag": 1,
      "change_message": "[{\"added\": {}}]"
    }
  },
  {
    "model": "admin.logentry",
    "pk": 14,
    "fields": {
      "action_time": "2019-09-04T23:12:36.531Z",
      "user": 1,
      "content_type": 22,
      "object_id": "13",
      "object_repr": "HTML",
      "action_flag": 1,
      "change_message": "[{\"added\": {}}]"
    }
  },
  {
    "model": "admin.logentry",
    "pk": 15,
    "fields": {
      "action_time": "2019-09-04T23:12:59.568Z",
      "user": 1,
      "content_type": 22,
      "object_id": "14",
      "object_repr": "CSS",
      "action_flag": 1,
      "change_message": "[{\"added\": {}}]"
    }
  },
  {
    "model": "admin.logentry",
    "pk": 16,
    "fields": {
      "action_time": "2019-09-04T23:13:28.996Z",
      "user": 1,
      "content_type": 22,
      "object_id": "15",
      "object_repr": "jQuery",
      "action_flag": 1,
      "change_message": "[{\"added\": {}}]"
    }
  },
  {
    "model": "admin.logentry",
    "pk": 17,
    "fields": {
      "action_time": "2019-09-04T23:14:37.414Z",
      "user": 1,
      "content_type": 22,
      "object_id": "16",
      "object_repr": "TypeScript",
      "action_flag": 1,
      "change_message": "[{\"added\": {}}]"
    }
  },
  {
    "model": "admin.logentry",
    "pk": 18,
    "fields": {
      "action_time": "2019-09-04T23:15:33.193Z",
      "user": 1,
      "content_type": 22,
      "object_id": "17",
      "object_repr": "ES6",
      "action_flag": 1,
      "change_message": "[{\"added\": {}}]"
    }
  },
  {
    "model": "admin.logentry",
    "pk": 19,
    "fields": {
      "action_time": "2019-09-04T23:15:56.085Z",
      "user": 1,
      "content_type": 22,
      "object_id": "18",
      "object_repr": "ES7",
      "action_flag": 1,
      "change_message": "[{\"added\": {}}]"
    }
  },
  {
    "model": "admin.logentry",
    "pk": 20,
    "fields": {
      "action_time": "2019-09-04T23:16:24.841Z",
      "user": 1,
      "content_type": 22,
      "object_id": "19",
      "object_repr": "ES8",
      "action_flag": 1,
      "change_message": "[{\"added\": {}}]"
    }
  },
  {
    "model": "admin.logentry",
    "pk": 21,
    "fields": {
      "action_time": "2019-09-04T23:17:43.704Z",
      "user": 1,
      "content_type": 22,
      "object_id": "20",
      "object_repr": "ES9",
      "action_flag": 1,
      "change_message": "[{\"added\": {}}]"
    }
  },
  {
    "model": "admin.logentry",
    "pk": 22,
    "fields": {
      "action_time": "2019-09-04T23:18:19.768Z",
      "user": 1,
      "content_type": 22,
      "object_id": "21",
      "object_repr": "ES.Next",
      "action_flag": 1,
      "change_message": "[{\"added\": {}}]"
    }
  },
  {
    "model": "admin.logentry",
    "pk": 23,
    "fields": {
      "action_time": "2019-09-04T23:18:35.634Z",
      "user": 1,
      "content_type": 22,
      "object_id": "22",
      "object_repr": "ES10",
      "action_flag": 1,
      "change_message": "[{\"added\": {}}]"
    }
  },
  {
    "model": "admin.logentry",
    "pk": 24,
    "fields": {
      "action_time": "2019-09-04T23:19:27.629Z",
      "user": 1,
      "content_type": 22,
      "object_id": "23",
      "object_repr": "Gatsby",
      "action_flag": 1,
      "change_message": "[{\"added\": {}}]"
    }
  },
  {
    "model": "admin.logentry",
    "pk": 25,
    "fields": {
      "action_time": "2019-09-04T23:20:59.873Z",
      "user": 1,
      "content_type": 22,
      "object_id": "24",
      "object_repr": "Nuxt",
      "action_flag": 1,
      "change_message": "[{\"added\": {}}]"
    }
  },
  {
    "model": "admin.logentry",
    "pk": 26,
    "fields": {
      "action_time": "2019-09-04T23:21:35.156Z",
      "user": 1,
      "content_type": 22,
      "object_id": "25",
      "object_repr": "GraphQL",
      "action_flag": 1,
      "change_message": "[{\"added\": {}}]"
    }
  },
  {
    "model": "admin.logentry",
    "pk": 27,
    "fields": {
      "action_time": "2019-09-04T23:22:03.334Z",
      "user": 1,
      "content_type": 22,
      "object_id": "26",
      "object_repr": "Node",
      "action_flag": 1,
      "change_message": "[{\"added\": {}}]"
    }
  },
  {
    "model": "admin.logentry",
    "pk": 28,
    "fields": {
      "action_time": "2019-09-04T23:22:29.527Z",
      "user": 1,
      "content_type": 22,
      "object_id": "27",
      "object_repr": "npm",
      "action_flag": 1,
      "change_message": "[{\"added\": {}}]"
    }
  },
  {
    "model": "admin.logentry",
    "pk": 29,
    "fields": {
      "action_time": "2019-09-04T23:24:01.714Z",
      "user": 1,
      "content_type": 22,
      "object_id": "28",
      "object_repr": "Yarn",
      "action_flag": 1,
      "change_message": "[{\"added\": {}}]"
    }
  },
  {
    "model": "admin.logentry",
    "pk": 30,
    "fields": {
      "action_time": "2019-09-04T23:24:16.257Z",
      "user": 1,
      "content_type": 22,
      "object_id": "29",
      "object_repr": "Parcel",
      "action_flag": 1,
      "change_message": "[{\"added\": {}}]"
    }
  },
  {
    "model": "admin.logentry",
    "pk": 31,
    "fields": {
      "action_time": "2019-09-04T23:24:56.326Z",
      "user": 1,
      "content_type": 22,
      "object_id": "30",
      "object_repr": "Tests",
      "action_flag": 1,
      "change_message": "[{\"added\": {}}]"
    }
  },
  {
    "model": "admin.logentry",
    "pk": 32,
    "fields": {
      "action_time": "2019-09-04T23:25:19.717Z",
      "user": 1,
      "content_type": 22,
      "object_id": "31",
      "object_repr": "Unit Tests",
      "action_flag": 1,
      "change_message": "[{\"added\": {}}]"
    }
  },
  {
    "model": "admin.logentry",
    "pk": 33,
    "fields": {
      "action_time": "2019-09-04T23:26:05.566Z",
      "user": 1,
      "content_type": 22,
      "object_id": "32",
      "object_repr": "Integration tests",
      "action_flag": 1,
      "change_message": "[{\"added\": {}}]"
    }
  },
  {
    "model": "admin.logentry",
    "pk": 34,
    "fields": {
      "action_time": "2019-09-04T23:27:01.177Z",
      "user": 1,
      "content_type": 22,
      "object_id": "33",
      "object_repr": "E2E Tests",
      "action_flag": 1,
      "change_message": "[{\"added\": {}}]"
    }
  },
  {
    "model": "admin.logentry",
    "pk": 35,
    "fields": {
      "action_time": "2019-09-04T23:27:24.863Z",
      "user": 1,
      "content_type": 22,
      "object_id": "34",
      "object_repr": "Cypress",
      "action_flag": 1,
      "change_message": "[{\"added\": {}}]"
    }
  },
  {
    "model": "admin.logentry",
    "pk": 36,
    "fields": {
      "action_time": "2019-09-04T23:28:33.317Z",
      "user": 1,
      "content_type": 22,
      "object_id": "35",
      "object_repr": "Selenium",
      "action_flag": 1,
      "change_message": "[{\"added\": {}}]"
    }
  },
  {
    "model": "admin.logentry",
    "pk": 37,
    "fields": {
      "action_time": "2019-09-04T23:29:14.143Z",
      "user": 1,
      "content_type": 22,
      "object_id": "36",
      "object_repr": "Webpack",
      "action_flag": 1,
      "change_message": "[{\"added\": {}}]"
    }
  },
  {
    "model": "admin.logentry",
    "pk": 38,
    "fields": {
      "action_time": "2019-09-04T23:30:55.347Z",
      "user": 1,
      "content_type": 22,
      "object_id": "37",
      "object_repr": "REST",
      "action_flag": 1,
      "change_message": "[{\"added\": {}}]"
    }
  },
  {
    "model": "admin.logentry",
    "pk": 39,
    "fields": {
      "action_time": "2019-09-04T23:31:25.031Z",
      "user": 1,
      "content_type": 22,
      "object_id": "38",
      "object_repr": "Axios",
      "action_flag": 1,
      "change_message": "[{\"added\": {}}]"
    }
  },
  {
    "model": "admin.logentry",
    "pk": 40,
    "fields": {
      "action_time": "2019-09-04T23:32:08.013Z",
      "user": 1,
      "content_type": 22,
      "object_id": "39",
      "object_repr": "D3",
      "action_flag": 1,
      "change_message": "[{\"added\": {}}]"
    }
  },
  {
    "model": "admin.logentry",
    "pk": 41,
    "fields": {
      "action_time": "2019-09-04T23:32:59.926Z",
      "user": 1,
      "content_type": 22,
      "object_id": "40",
      "object_repr": "three.js",
      "action_flag": 1,
      "change_message": "[{\"added\": {}}]"
    }
  },
  {
    "model": "admin.logentry",
    "pk": 42,
    "fields": {
      "action_time": "2019-09-04T23:33:31.207Z",
      "user": 1,
      "content_type": 22,
      "object_id": "41",
      "object_repr": "Algorithms",
      "action_flag": 1,
      "change_message": "[{\"added\": {}}]"
    }
  },
  {
    "model": "admin.logentry",
    "pk": 43,
    "fields": {
      "action_time": "2019-09-04T23:34:04.393Z",
      "user": 1,
      "content_type": 22,
      "object_id": "42",
      "object_repr": "SVG",
      "action_flag": 1,
      "change_message": "[{\"added\": {}}]"
    }
  },
  {
    "model": "admin.logentry",
    "pk": 44,
    "fields": {
      "action_time": "2019-09-04T23:34:28.605Z",
      "user": 1,
      "content_type": 22,
      "object_id": "43",
      "object_repr": "XML",
      "action_flag": 1,
      "change_message": "[{\"added\": {}}]"
    }
  },
  {
    "model": "admin.logentry",
    "pk": 45,
    "fields": {
      "action_time": "2019-09-04T23:34:56.420Z",
      "user": 1,
      "content_type": 22,
      "object_id": "44",
      "object_repr": "Firebase",
      "action_flag": 1,
      "change_message": "[{\"added\": {}}]"
    }
  },
  {
    "model": "admin.logentry",
    "pk": 46,
    "fields": {
      "action_time": "2019-09-04T23:35:56.910Z",
      "user": 1,
      "content_type": 22,
      "object_id": "45",
      "object_repr": "JavaScript",
      "action_flag": 1,
      "change_message": "[{\"added\": {}}]"
    }
  },
  {
    "model": "admin.logentry",
    "pk": 47,
    "fields": {
      "action_time": "2019-09-04T23:37:09.197Z",
      "user": 1,
      "content_type": 22,
      "object_id": "46",
      "object_repr": "Mocha",
      "action_flag": 1,
      "change_message": "[{\"added\": {}}]"
    }
  },
  {
    "model": "admin.logentry",
    "pk": 48,
    "fields": {
      "action_time": "2019-09-04T23:37:37.096Z",
      "user": 1,
      "content_type": 22,
      "object_id": "47",
      "object_repr": "Jest",
      "action_flag": 1,
      "change_message": "[{\"added\": {}}]"
    }
  },
  {
    "model": "admin.logentry",
    "pk": 49,
    "fields": {
      "action_time": "2019-09-04T23:37:55.089Z",
      "user": 1,
      "content_type": 22,
      "object_id": "48",
      "object_repr": "Chai",
      "action_flag": 1,
      "change_message": "[{\"added\": {}}]"
    }
  },
  {
    "model": "admin.logentry",
    "pk": 50,
    "fields": {
      "action_time": "2019-09-04T23:38:22.018Z",
      "user": 1,
      "content_type": 22,
      "object_id": "49",
      "object_repr": "React Testing Library",
      "action_flag": 1,
      "change_message": "[{\"added\": {}}]"
    }
  },
  {
    "model": "admin.logentry",
    "pk": 51,
    "fields": {
      "action_time": "2019-09-04T23:38:43.791Z",
      "user": 1,
      "content_type": 22,
      "object_id": "50",
      "object_repr": "Draft.js",
      "action_flag": 1,
      "change_message": "[{\"added\": {}}]"
    }
  },
  {
    "model": "admin.logentry",
    "pk": 52,
    "fields": {
      "action_time": "2019-09-04T23:39:27.195Z",
      "user": 1,
      "content_type": 22,
      "object_id": "51",
      "object_repr": "Rollup.js",
      "action_flag": 1,
      "change_message": "[{\"added\": {}}]"
    }
  },
  {
    "model": "admin.logentry",
    "pk": 53,
    "fields": {
      "action_time": "2019-09-04T23:40:19.895Z",
      "user": 1,
      "content_type": 22,
      "object_id": "52",
      "object_repr": "Prisma",
      "action_flag": 1,
      "change_message": "[{\"added\": {}}]"
    }
  },
  {
    "model": "admin.logentry",
    "pk": 54,
    "fields": {
      "action_time": "2019-09-04T23:40:51.492Z",
      "user": 1,
      "content_type": 22,
      "object_id": "53",
      "object_repr": "WebRTC",
      "action_flag": 1,
      "change_message": "[{\"added\": {}}]"
    }
  },
  {
    "model": "admin.logentry",
    "pk": 55,
    "fields": {
      "action_time": "2019-09-04T23:41:10.836Z",
      "user": 1,
      "content_type": 22,
      "object_id": "54",
      "object_repr": "WebSockets",
      "action_flag": 1,
      "change_message": "[{\"added\": {}}]"
    }
  },
  {
    "model": "admin.logentry",
    "pk": 56,
    "fields": {
      "action_time": "2019-09-04T23:41:30.743Z",
      "user": 1,
      "content_type": 22,
      "object_id": "55",
      "object_repr": "Socket.IO",
      "action_flag": 1,
      "change_message": "[{\"added\": {}}]"
    }
  },
  {
    "model": "admin.logentry",
    "pk": 57,
    "fields": {
      "action_time": "2019-09-04T23:42:47.505Z",
      "user": 1,
      "content_type": 22,
      "object_id": "56",
      "object_repr": "SSR(Server-side rendering)",
      "action_flag": 1,
      "change_message": "[{\"added\": {}}]"
    }
  },
  {
    "model": "admin.logentry",
    "pk": 58,
    "fields": {
      "action_time": "2019-09-04T23:43:29.057Z",
      "user": 1,
      "content_type": 22,
      "object_id": "57",
      "object_repr": "Bootstrap",
      "action_flag": 1,
      "change_message": "[{\"added\": {}}]"
    }
  },
  {
    "model": "admin.logentry",
    "pk": 59,
    "fields": {
      "action_time": "2019-09-04T23:44:09.836Z",
      "user": 1,
      "content_type": 22,
      "object_id": "58",
      "object_repr": "Skeleton",
      "action_flag": 1,
      "change_message": "[{\"added\": {}}]"
    }
  },
  {
    "model": "admin.logentry",
    "pk": 60,
    "fields": {
      "action_time": "2019-09-04T23:45:05.630Z",
      "user": 1,
      "content_type": 22,
      "object_id": "59",
      "object_repr": "Material-UI",
      "action_flag": 1,
      "change_message": "[{\"added\": {}}]"
    }
  },
  {
    "model": "admin.logentry",
    "pk": 61,
    "fields": {
      "action_time": "2019-09-04T23:45:31.211Z",
      "user": 1,
      "content_type": 22,
      "object_id": "60",
      "object_repr": "Semantic UI",
      "action_flag": 1,
      "change_message": "[{\"added\": {}}]"
    }
  },
  {
    "model": "admin.logentry",
    "pk": 62,
    "fields": {
      "action_time": "2019-09-04T23:45:55.667Z",
      "user": 1,
      "content_type": 22,
      "object_id": "61",
      "object_repr": "Ant Design",
      "action_flag": 1,
      "change_message": "[{\"added\": {}}]"
    }
  },
  {
    "model": "admin.logentry",
    "pk": 63,
    "fields": {
      "action_time": "2019-09-04T23:46:50.996Z",
      "user": 1,
      "content_type": 22,
      "object_id": "62",
      "object_repr": "Redux",
      "action_flag": 1,
      "change_message": "[{\"added\": {}}]"
    }
  },
  {
    "model": "admin.logentry",
    "pk": 64,
    "fields": {
      "action_time": "2019-09-04T23:47:18.049Z",
      "user": 1,
      "content_type": 22,
      "object_id": "63",
      "object_repr": "MobX",
      "action_flag": 1,
      "change_message": "[{\"added\": {}}]"
    }
  },
  {
    "model": "admin.logentry",
    "pk": 65,
    "fields": {
      "action_time": "2019-09-04T23:47:43.352Z",
      "user": 1,
      "content_type": 22,
      "object_id": "64",
      "object_repr": "Animation",
      "action_flag": 1,
      "change_message": "[{\"added\": {}}]"
    }
  },
  {
    "model": "admin.logentry",
    "pk": 66,
    "fields": {
      "action_time": "2019-09-04T23:47:54.856Z",
      "user": 1,
      "content_type": 22,
      "object_id": "65",
      "object_repr": "Transition",
      "action_flag": 1,
      "change_message": "[{\"added\": {}}]"
    }
  },
  {
    "model": "admin.logentry",
    "pk": 67,
    "fields": {
      "action_time": "2019-09-04T23:48:14.560Z",
      "user": 1,
      "content_type": 22,
      "object_id": "66",
      "object_repr": "Canvas",
      "action_flag": 1,
      "change_message": "[{\"added\": {}}]"
    }
  },
  {
    "model": "admin.logentry",
    "pk": 68,
    "fields": {
      "action_time": "2019-09-04T23:49:42.697Z",
      "user": 1,
      "content_type": 22,
      "object_id": "67",
      "object_repr": "Service worker",
      "action_flag": 1,
      "change_message": "[{\"added\": {}}]"
    }
  },
  {
    "model": "admin.logentry",
    "pk": 69,
    "fields": {
      "action_time": "2019-09-04T23:50:21.949Z",
      "user": 1,
      "content_type": 22,
      "object_id": "68",
      "object_repr": "PWA",
      "action_flag": 1,
      "change_message": "[{\"added\": {}}]"
    }
  },
  {
    "model": "admin.logentry",
    "pk": 70,
    "fields": {
      "action_time": "2019-09-04T23:51:06.559Z",
      "user": 1,
      "content_type": 22,
      "object_id": "69",
      "object_repr": "React Router",
      "action_flag": 1,
      "change_message": "[{\"added\": {}}]"
    }
  },
  {
    "model": "admin.logentry",
    "pk": 71,
    "fields": {
      "action_time": "2019-09-04T23:52:24.799Z",
      "user": 1,
      "content_type": 22,
      "object_id": "70",
      "object_repr": "CSS-in-JS",
      "action_flag": 1,
      "change_message": "[{\"added\": {}}]"
    }
  },
  {
    "model": "admin.logentry",
    "pk": 72,
    "fields": {
      "action_time": "2019-09-04T23:52:50.807Z",
      "user": 1,
      "content_type": 22,
      "object_id": "71",
      "object_repr": "Styled Components",
      "action_flag": 1,
      "change_message": "[{\"added\": {}}]"
    }
  },
  {
    "model": "admin.logentry",
    "pk": 73,
    "fields": {
      "action_time": "2019-09-04T23:54:21.449Z",
      "user": 1,
      "content_type": 6,
      "object_id": "2",
      "object_repr": "Bojan Milicev",
      "action_flag": 2,
      "change_message": "[{\"changed\": {\"fields\": [\"full_name\"]}}]"
    }
  },
  {
    "model": "admin.logentry",
    "pk": 74,
    "fields": {
      "action_time": "2019-09-04T23:58:58.203Z",
      "user": 1,
      "content_type": 22,
      "object_id": "72",
      "object_repr": "Redux Saga",
      "action_flag": 1,
      "change_message": "[{\"added\": {}}]"
    }
  },
  {
    "model": "admin.logentry",
    "pk": 75,
    "fields": {
      "action_time": "2019-09-04T23:59:39.115Z",
      "user": 1,
      "content_type": 22,
      "object_id": "73",
      "object_repr": "Redux Thunk",
      "action_flag": 1,
      "change_message": "[{\"added\": {}}]"
    }
  },
  {
    "model": "admin.logentry",
    "pk": 76,
    "fields": {
      "action_time": "2019-09-05T00:00:21.790Z",
      "user": 1,
      "content_type": 22,
      "object_id": "74",
      "object_repr": "Formik",
      "action_flag": 1,
      "change_message": "[{\"added\": {}}]"
    }
  },
  {
    "model": "admin.logentry",
    "pk": 77,
    "fields": {
      "action_time": "2019-09-05T00:00:46.784Z",
      "user": 1,
      "content_type": 22,
      "object_id": "75",
      "object_repr": "Downshift",
      "action_flag": 1,
      "change_message": "[{\"added\": {}}]"
    }
  },
  {
    "model": "admin.logentry",
    "pk": 78,
    "fields": {
      "action_time": "2019-09-05T00:01:20.287Z",
      "user": 1,
      "content_type": 22,
      "object_id": "76",
      "object_repr": "WebComponents",
      "action_flag": 1,
      "change_message": "[{\"added\": {}}]"
    }
  },
  {
    "model": "admin.logentry",
    "pk": 79,
    "fields": {
      "action_time": "2019-09-05T00:02:16.065Z",
      "user": 1,
      "content_type": 22,
      "object_id": "77",
      "object_repr": "Intersection Observer API",
      "action_flag": 1,
      "change_message": "[{\"added\": {}}]"
    }
  },
  {
    "model": "admin.logentry",
    "pk": 80,
    "fields": {
      "action_time": "2019-09-05T00:02:47.281Z",
      "user": 1,
      "content_type": 22,
      "object_id": "78",
      "object_repr": "Web Audio API",
      "action_flag": 1,
      "change_message": "[{\"added\": {}}]"
    }
  },
  {
    "model": "admin.logentry",
    "pk": 81,
    "fields": {
      "action_time": "2019-09-05T00:03:26.711Z",
      "user": 1,
      "content_type": 22,
      "object_id": "79",
      "object_repr": "HTML5 Video",
      "action_flag": 1,
      "change_message": "[{\"added\": {}}]"
    }
  },
  {
    "model": "admin.logentry",
    "pk": 82,
    "fields": {
      "action_time": "2019-09-05T00:03:59.367Z",
      "user": 1,
      "content_type": 22,
      "object_id": "80",
      "object_repr": "Video.js",
      "action_flag": 1,
      "change_message": "[{\"added\": {}}]"
    }
  },
  {
    "model": "admin.logentry",
    "pk": 83,
    "fields": {
      "action_time": "2019-09-05T00:05:05.695Z",
      "user": 1,
      "content_type": 22,
      "object_id": "81",
      "object_repr": "Zurb Foundation",
      "action_flag": 1,
      "change_message": "[{\"added\": {}}]"
    }
  },
  {
    "model": "admin.logentry",
    "pk": 84,
    "fields": {
      "action_time": "2019-09-05T00:05:35.698Z",
      "user": 1,
      "content_type": 22,
      "object_id": "82",
      "object_repr": "Gulp",
      "action_flag": 1,
      "change_message": "[{\"added\": {}}]"
    }
  },
  {
    "model": "admin.logentry",
    "pk": 85,
    "fields": {
      "action_time": "2019-09-05T00:06:10.398Z",
      "user": 1,
      "content_type": 22,
      "object_id": "83",
      "object_repr": "Grunt",
      "action_flag": 1,
      "change_message": "[{\"added\": {}}]"
    }
  },
  {
    "model": "admin.logentry",
    "pk": 86,
    "fields": {
      "action_time": "2019-09-05T00:06:33.103Z",
      "user": 1,
      "content_type": 22,
      "object_id": "84",
      "object_repr": "ESLint",
      "action_flag": 1,
      "change_message": "[{\"added\": {}}]"
    }
  },
  {
    "model": "admin.logentry",
    "pk": 87,
    "fields": {
      "action_time": "2019-09-05T00:07:24.265Z",
      "user": 1,
      "content_type": 22,
      "object_id": "85",
      "object_repr": "Functional Programming",
      "action_flag": 1,
      "change_message": "[{\"added\": {}}]"
    }
  },
  {
    "model": "admin.logentry",
    "pk": 88,
    "fields": {
      "action_time": "2019-09-05T00:08:03.582Z",
      "user": 1,
      "content_type": 22,
      "object_id": "86",
      "object_repr": "OOP",
      "action_flag": 1,
      "change_message": "[{\"added\": {}}]"
    }
  },
  {
    "model": "admin.logentry",
    "pk": 89,
    "fields": {
      "action_time": "2019-09-05T20:22:27.263Z",
      "user": 1,
      "content_type": 15,
      "object_id": "4",
      "object_repr": "Preferred way of mapping in react by Bojan Milicev",
      "action_flag": 2,
      "change_message": "[{\"changed\": {\"fields\": [\"is_deleted\"]}}]"
    }
  },
  {
    "model": "admin.logentry",
    "pk": 90,
    "fields": {
      "action_time": "2019-09-06T00:28:42.293Z",
      "user": 1,
      "content_type": 15,
      "object_id": "2",
      "object_repr": "title by Branko Zivanovic",
      "action_flag": 3,
      "change_message": ""
    }
  },
  {
    "model": "admin.logentry",
    "pk": 91,
    "fields": {
      "action_time": "2019-09-06T00:28:42.296Z",
      "user": 1,
      "content_type": 15,
      "object_id": "1",
      "object_repr": "test by Branko Zivanovic",
      "action_flag": 3,
      "change_message": ""
    }
  },
  {
    "model": "admin.logentry",
    "pk": 92,
    "fields": {
      "action_time": "2019-09-08T15:43:43.300Z",
      "user": 1,
      "content_type": 15,
      "object_id": "9",
      "object_repr": "console.log each word on hover by Tam Coomb",
      "action_flag": 2,
      "change_message": "[{\"changed\": {\"fields\": [\"title\", \"tags\"]}}]"
    }
  },
  {
    "model": "admin.logentry",
    "pk": 93,
    "fields": {
      "action_time": "2019-09-08T15:47:52.089Z",
      "user": 1,
      "content_type": 7,
      "object_id": "1",
      "object_repr": "console.log each word on hover by Branko Zivanovic",
      "action_flag": 2,
      "change_message": "[{\"changed\": {\"fields\": [\"description\"]}}]"
    }
  },
  {
    "model": "admin.logentry",
    "pk": 94,
    "fields": {
      "action_time": "2019-09-08T15:49:44.400Z",
      "user": 1,
      "content_type": 7,
      "object_id": "1",
      "object_repr": "console.log each word on hover by Branko Zivanovic",
      "action_flag": 2,
      "change_message": "[{\"changed\": {\"fields\": [\"description\"]}}]"
    }
  },
  {
    "model": "admin.logentry",
    "pk": 95,
    "fields": {
      "action_time": "2019-09-08T20:32:53.847Z",
      "user": 1,
      "content_type": 20,
      "object_id": "3",
      "object_repr": "QuestionVote object (3)",
      "action_flag": 3,
      "change_message": ""
    }
  },
  {
    "model": "admin.logentry",
    "pk": 96,
    "fields": {
      "action_time": "2019-09-08T20:32:53.851Z",
      "user": 1,
      "content_type": 20,
      "object_id": "2",
      "object_repr": "QuestionVote object (2)",
      "action_flag": 3,
      "change_message": ""
    }
  },
  {
    "model": "admin.logentry",
    "pk": 97,
    "fields": {
      "action_time": "2019-09-08T20:32:53.853Z",
      "user": 1,
      "content_type": 20,
      "object_id": "1",
      "object_repr": "QuestionVote object (1)",
      "action_flag": 3,
      "change_message": ""
    }
  },
  {
    "model": "admin.logentry",
    "pk": 98,
    "fields": {
      "action_time": "2019-09-08T20:33:12.195Z",
      "user": 1,
      "content_type": 18,
      "object_id": "1",
      "object_repr": "QuestionCommentVote object (1)",
      "action_flag": 3,
      "change_message": ""
    }
  },
  {
    "model": "admin.logentry",
    "pk": 99,
    "fields": {
      "action_time": "2019-09-08T20:33:24.272Z",
      "user": 1,
      "content_type": 15,
      "object_id": "9",
      "object_repr": "console.log each word on hover by Tam Coomb",
      "action_flag": 2,
      "change_message": "[{\"changed\": {\"fields\": [\"score\"]}}]"
    }
  },
  {
    "model": "admin.logentry",
    "pk": 100,
    "fields": {
      "action_time": "2019-09-08T20:33:31.000Z",
      "user": 1,
      "content_type": 15,
      "object_id": "8",
      "object_repr": "onChange delete my state by Bokica Paorko",
      "action_flag": 2,
      "change_message": "[{\"changed\": {\"fields\": [\"score\"]}}]"
    }
  },
  {
    "model": "admin.logentry",
    "pk": 101,
    "fields": {
      "action_time": "2019-09-08T20:34:13.725Z",
      "user": 1,
      "content_type": 7,
      "object_id": "1",
      "object_repr": "console.log each word on hover by Branko Zivanovic",
      "action_flag": 2,
      "change_message": "[{\"changed\": {\"fields\": [\"score\"]}}]"
    }
  },
  {
    "model": "admin.logentry",
    "pk": 102,
    "fields": {
      "action_time": "2019-09-08T20:35:46.292Z",
      "user": 1,
      "content_type": 12,
      "object_id": "1",
      "object_repr": "AnswerVote object (1)",
      "action_flag": 3,
      "change_message": ""
    }
  },
  {
    "model": "admin.logentry",
    "pk": 103,
    "fields": {
      "action_time": "2019-09-09T02:48:57.061Z",
      "user": 1,
      "content_type": 6,
      "object_id": "8",
      "object_repr": "Tam Coomb",
      "action_flag": 2,
      "change_message": "[{\"changed\": {\"fields\": [\"reputation\"]}}]"
    }
  },
  {
    "model": "admin.logentry",
    "pk": 104,
    "fields": {
      "action_time": "2019-09-09T02:49:11.522Z",
      "user": 1,
      "content_type": 6,
      "object_id": "1",
      "object_repr": "Branko Zivanovic",
      "action_flag": 2,
      "change_message": "[{\"changed\": {\"fields\": [\"reputation\"]}}]"
    }
  },
  {
    "model": "admin.logentry",
    "pk": 105,
    "fields": {
      "action_time": "2019-09-09T02:49:19.090Z",
      "user": 1,
      "content_type": 6,
      "object_id": "2",
      "object_repr": "Bojan Milicev",
      "action_flag": 2,
      "change_message": "[{\"changed\": {\"fields\": [\"reputation\"]}}]"
    }
  },
  {
    "model": "admin.logentry",
    "pk": 106,
    "fields": {
      "action_time": "2019-09-09T02:49:31.918Z",
      "user": 1,
      "content_type": 6,
      "object_id": "6",
      "object_repr": "Zanetti Otman",
      "action_flag": 2,
      "change_message": "[]"
    }
  },
  {
    "model": "admin.logentry",
    "pk": 107,
    "fields": {
      "action_time": "2019-09-09T02:49:55.216Z",
      "user": 1,
      "content_type": 12,
      "object_id": "2",
      "object_repr": "AnswerVote object (2)",
      "action_flag": 3,
      "change_message": ""
    }
  },
  {
    "model": "admin.logentry",
    "pk": 108,
    "fields": {
      "action_time": "2019-09-09T02:50:27.304Z",
      "user": 1,
      "content_type": 20,
      "object_id": "4",
      "object_repr": "QuestionVote object (4)",
      "action_flag": 3,
      "change_message": ""
    }
  },
  {
    "model": "admin.logentry",
    "pk": 109,
    "fields": {
      "action_time": "2019-09-09T02:50:41.600Z",
      "user": 1,
      "content_type": 15,
      "object_id": "9",
      "object_repr": "console.log each word on hover by Tam Coomb",
      "action_flag": 2,
      "change_message": "[{\"changed\": {\"fields\": [\"score\"]}}]"
    }
  },
  {
    "model": "admin.logentry",
    "pk": 110,
    "fields": {
      "action_time": "2019-09-09T02:50:46.360Z",
      "user": 1,
      "content_type": 15,
      "object_id": "9",
      "object_repr": "console.log each word on hover by Tam Coomb",
      "action_flag": 2,
      "change_message": "[]"
    }
  },
  {
    "model": "admin.logentry",
    "pk": 111,
    "fields": {
      "action_time": "2019-09-09T02:50:52.125Z",
      "user": 1,
      "content_type": 15,
      "object_id": "9",
      "object_repr": "console.log each word on hover by Tam Coomb",
      "action_flag": 2,
      "change_message": "[]"
    }
  },
  {
    "model": "admin.logentry",
    "pk": 112,
    "fields": {
      "action_time": "2019-09-09T02:55:30.049Z",
      "user": 1,
      "content_type": 7,
      "object_id": "1",
      "object_repr": "console.log each word on hover by Branko Zivanovic",
      "action_flag": 2,
      "change_message": "[{\"changed\": {\"fields\": [\"score\"]}}]"
    }
  },
  {
    "model": "admin.logentry",
    "pk": 113,
    "fields": {
      "action_time": "2019-09-09T03:51:30.315Z",
      "user": 1,
      "content_type": 15,
      "object_id": "3",
      "object_repr": "Footer always fixed at bottom by Rastko Rakocevic",
      "action_flag": 3,
      "change_message": ""
    }
  },
  {
    "model": "admin.logentry",
    "pk": 114,
    "fields": {
      "action_time": "2019-09-16T12:59:49.197Z",
      "user": 2,
      "content_type": 15,
      "object_id": "10",
      "object_repr": "jfiafniafina by Bojan Milicev",
      "action_flag": 3,
      "change_message": ""
    }
  }
]
